G21 ; Set units to mm
G90 ; Absolute positioning
G00 Z5 ; Lift tool initially
G00 X24.4 Y36.4
G01 Z-1 F200 ; Tool Down
G01 X24.4 Y36.4 F500
G01 X24.6 Y36.4 F500
G01 X24.7 Y36.5 F500
G01 X24.7 Y37.5 F500
G01 X24.8 Y37.5 F500
G01 X24.8 Y36.6 F500
G01 X24.9 Y36.5 F500
G01 X25.0 Y36.5 F500
G01 X25.1 Y36.4 F500
G00 Z5 ; Tool Up
G00 X25.5 Y36.3
G01 Z-1 F200 ; Tool Down
G01 X25.5 Y36.3 F500
G01 X25.4 Y36.4 F500
G01 X25.3 Y36.4 F500
G01 X25.3 Y37.4 F500
G01 X25.9 Y37.4 F500
G01 X25.9 Y37.3 F500
G01 X25.8 Y37.4 F500
G01 X25.6 Y37.4 F500
G01 X25.4 Y37.2 F500
G01 X25.4 Y37.1 F500
G01 X25.6 Y36.9 F500
G01 X25.8 Y36.9 F500
G01 X25.8 Y36.8 F500
G01 X25.5 Y36.8 F500
G01 X25.4 Y36.7 F500
G01 X25.4 Y36.5 F500
G01 X25.5 Y36.4 F500
G01 X25.8 Y36.4 F500
G01 X25.8 Y36.3 F500
G00 Z5 ; Tool Up
G00 X23.3 Y36.3
G01 Z-1 F200 ; Tool Down
G01 X23.3 Y36.3 F500
G01 X23.3 Y37.0 F500
G01 X23.2 Y37.1 F500
G01 X23.2 Y37.4 F500
G01 X23.4 Y37.4 F500
G01 X23.4 Y37.0 F500
G01 X23.5 Y36.9 F500
G01 X23.8 Y36.9 F500
G01 X23.8 Y36.8 F500
G01 X23.6 Y36.8 F500
G01 X23.4 Y36.6 F500
G01 X23.4 Y36.5 F500
G01 X23.5 Y36.4 F500
G01 X23.9 Y36.4 F500
G01 X23.9 Y36.3 F500
G00 Z5 ; Tool Up
G00 X22.7 Y36.2
G01 Z-1 F200 ; Tool Down
G01 X22.7 Y36.2 F500
G01 X22.8 Y36.2 F500
G01 X22.9 Y36.3 F500
G01 X22.9 Y36.9 F500
G01 X22.8 Y37.0 F500
G01 X22.8 Y37.1 F500
G01 X22.7 Y37.2 F500
G01 X22.5 Y37.2 F500
G01 X22.4 Y37.1 F500
G01 X22.4 Y36.8 F500
G01 X22.5 Y36.7 F500
G01 X22.5 Y36.4 F500
G00 Z5 ; Tool Up
G00 X26.4 Y36.2
G01 Z-1 F200 ; Tool Down
G01 X26.4 Y36.2 F500
G01 X26.3 Y36.3 F500
G01 X26.2 Y36.3 F500
G01 X26.1 Y36.4 F500
G01 X26.1 Y37.1 F500
G01 X26.2 Y37.2 F500
G01 X26.2 Y37.3 F500
G01 X26.3 Y37.4 F500
G01 X26.6 Y37.4 F500
G01 X26.8 Y37.2 F500
G01 X26.8 Y37.0 F500
G01 X26.7 Y37.0 F500
G01 X26.7 Y37.2 F500
G01 X26.6 Y37.3 F500
G01 X26.4 Y37.3 F500
G01 X26.3 Y37.2 F500
G01 X26.3 Y37.1 F500
G01 X26.2 Y37.0 F500
G01 X26.2 Y36.4 F500
G01 X26.3 Y36.3 F500
G01 X26.5 Y36.3 F500
G01 X26.6 Y36.4 F500
G01 X26.6 Y36.5 F500
G01 X26.7 Y36.5 F500
G01 X26.7 Y36.4 F500
G01 X26.5 Y36.2 F500
G00 Z5 ; Tool Up
G00 X22.7 Y36.1
G01 Z-1 F200 ; Tool Down
G01 X22.7 Y36.1 F500
G01 X22.6 Y36.2 F500
G01 X22.5 Y36.2 F500
G01 X22.4 Y36.3 F500
G01 X22.4 Y36.5 F500
G01 X22.3 Y36.6 F500
G01 X22.3 Y37.1 F500
G01 X22.5 Y37.3 F500
G01 X22.8 Y37.3 F500
G01 X23.0 Y37.1 F500
G01 X23.0 Y36.2 F500
G01 X22.8 Y36.2 F500
G00 Z5 ; Tool Up
G00 X27.5 Y36.0
G01 Z-1 F200 ; Tool Down
G01 X27.5 Y36.0 F500
G01 X27.4 Y36.1 F500
G01 X27.5 Y36.2 F500
G01 X27.5 Y36.5 F500
G01 X27.4 Y36.6 F500
G01 X27.2 Y36.6 F500
G01 X27.1 Y36.5 F500
G01 X27.1 Y36.4 F500
G01 X27.0 Y36.3 F500
G01 X27.0 Y36.2 F500
G01 X26.9 Y36.2 F500
G01 X26.9 Y36.4 F500
G01 X27.0 Y36.5 F500
G01 X27.0 Y36.8 F500
G01 X27.1 Y36.9 F500
G01 X27.1 Y37.2 F500
G01 X27.2 Y37.3 F500
G01 X27.3 Y37.2 F500
G01 X27.2 Y37.1 F500
G01 X27.2 Y36.8 F500
G01 X27.4 Y36.6 F500
G01 X27.6 Y36.8 F500
G01 X27.6 Y37.1 F500
G01 X27.8 Y37.1 F500
G01 X27.8 Y37.0 F500
G01 X27.7 Y36.9 F500
G01 X27.7 Y36.6 F500
G01 X27.6 Y36.5 F500
G01 X27.6 Y36.1 F500
G00 Z5 ; Tool Up
G00 X28.4 Y35.8
G01 Z-1 F200 ; Tool Down
G01 X28.4 Y35.8 F500
G01 X28.4 Y36.2 F500
G01 X28.5 Y36.3 F500
G01 X28.5 Y36.4 F500
G01 X28.4 Y36.5 F500
G01 X28.2 Y36.3 F500
G01 X28.2 Y36.2 F500
G01 X27.9 Y35.9 F500
G01 X27.8 Y36.0 F500
G01 X27.8 Y36.1 F500
G01 X27.9 Y36.2 F500
G01 X27.9 Y36.5 F500
G01 X28.0 Y36.6 F500
G01 X28.0 Y36.9 F500
G01 X28.1 Y37.0 F500
G01 X28.2 Y37.0 F500
G01 X28.2 Y36.8 F500
G01 X28.1 Y36.7 F500
G01 X28.1 Y36.5 F500
G01 X28.2 Y36.4 F500
G01 X28.4 Y36.6 F500
G01 X28.4 Y36.7 F500
G01 X28.6 Y36.9 F500
G01 X28.7 Y36.9 F500
G01 X28.7 Y36.6 F500
G01 X28.6 Y36.5 F500
G01 X28.6 Y36.2 F500
G01 X28.5 Y36.1 F500
G01 X28.5 Y35.8 F500
G00 Z5 ; Tool Up
G00 X21.3 Y35.8
G01 Z-1 F200 ; Tool Down
G01 X21.3 Y35.8 F500
G01 X21.3 Y35.9 F500
G01 X21.2 Y36.0 F500
G01 X21.2 Y36.3 F500
G01 X21.1 Y36.4 F500
G01 X21.1 Y36.7 F500
G01 X21.0 Y36.8 F500
G01 X21.0 Y36.9 F500
G01 X21.2 Y36.9 F500
G01 X21.3 Y37.0 F500
G01 X21.6 Y37.0 F500
G01 X21.5 Y36.9 F500
G01 X21.3 Y36.9 F500
G01 X21.2 Y36.8 F500
G01 X21.2 Y36.6 F500
G01 X21.4 Y36.4 F500
G01 X21.5 Y36.5 F500
G01 X21.7 Y36.5 F500
G01 X21.7 Y36.4 F500
G01 X21.5 Y36.4 F500
G01 X21.3 Y36.2 F500
G01 X21.4 Y36.1 F500
G01 X21.4 Y36.0 F500
G01 X21.5 Y35.9 F500
G01 X21.6 Y36.0 F500
G01 X21.8 Y36.0 F500
G01 X21.7 Y35.9 F500
G01 X21.5 Y35.9 F500
G01 X21.4 Y35.8 F500
G00 Z5 ; Tool Up
G00 X28.9 Y35.7
G01 Z-1 F200 ; Tool Down
G01 X28.9 Y35.7 F500
G01 X29.0 Y35.6 F500
G01 X29.1 Y35.6 F500
G01 X29.3 Y35.8 F500
G01 X29.3 Y35.9 F500
G01 X29.4 Y36.0 F500
G01 X29.4 Y36.1 F500
G01 X29.5 Y36.2 F500
G01 X29.5 Y36.5 F500
G01 X29.4 Y36.6 F500
G01 X29.2 Y36.6 F500
G01 X29.1 Y36.5 F500
G01 X29.1 Y36.4 F500
G01 X29.0 Y36.3 F500
G01 X29.0 Y36.2 F500
G01 X28.9 Y36.1 F500
G00 Z5 ; Tool Up
G00 X29.0 Y35.5
G01 Z-1 F200 ; Tool Down
G01 X29.0 Y35.5 F500
G01 X28.9 Y35.6 F500
G01 X28.8 Y35.6 F500
G01 X28.8 Y36.2 F500
G01 X28.9 Y36.3 F500
G01 X28.9 Y36.4 F500
G01 X29.0 Y36.5 F500
G01 X29.0 Y36.6 F500
G01 X29.5 Y36.6 F500
G01 X29.6 Y36.5 F500
G01 X29.6 Y36.1 F500
G01 X29.5 Y36.0 F500
G01 X29.5 Y35.9 F500
G01 X29.4 Y35.8 F500
G01 X29.4 Y35.7 F500
G01 X29.2 Y35.5 F500
G00 Z5 ; Tool Up
G00 X20.5 Y35.5
G01 Z-1 F200 ; Tool Down
G01 X20.5 Y35.5 F500
G01 X20.5 Y35.6 F500
G01 X20.6 Y35.6 F500
G01 X20.7 Y35.7 F500
G01 X20.7 Y35.9 F500
G01 X20.6 Y36.0 F500
G01 X20.6 Y36.1 F500
G01 X20.5 Y36.2 F500
G01 X20.5 Y36.4 F500
G01 X20.4 Y36.5 F500
G01 X20.4 Y36.6 F500
G01 X20.5 Y36.7 F500
G01 X20.5 Y36.6 F500
G01 X20.6 Y36.5 F500
G01 X20.6 Y36.3 F500
G01 X20.7 Y36.2 F500
G01 X20.7 Y36.0 F500
G01 X20.9 Y35.8 F500
G01 X21.1 Y35.8 F500
G01 X21.1 Y35.7 F500
G01 X21.0 Y35.7 F500
G01 X20.9 Y35.6 F500
G01 X20.7 Y35.6 F500
G01 X20.6 Y35.5 F500
G00 Z5 ; Tool Up
G00 X29.6 Y35.3
G01 Z-1 F200 ; Tool Down
G01 X29.6 Y35.3 F500
G01 X29.5 Y35.4 F500
G01 X29.6 Y35.5 F500
G01 X29.6 Y35.6 F500
G01 X29.7 Y35.7 F500
G01 X29.7 Y35.8 F500
G01 X29.8 Y35.9 F500
G01 X29.8 Y36.0 F500
G01 X29.9 Y36.1 F500
G01 X29.9 Y36.2 F500
G01 X30.0 Y36.3 F500
G01 X30.1 Y36.3 F500
G01 X30.2 Y36.2 F500
G01 X30.4 Y36.2 F500
G01 X30.5 Y36.1 F500
G01 X30.5 Y36.0 F500
G01 X30.4 Y36.0 F500
G01 X30.2 Y36.2 F500
G01 X30.1 Y36.2 F500
G01 X30.0 Y36.1 F500
G01 X30.0 Y36.0 F500
G01 X29.8 Y35.8 F500
G01 X29.8 Y35.6 F500
G01 X29.7 Y35.5 F500
G01 X29.7 Y35.4 F500
G00 Z5 ; Tool Up
G00 X30.4 Y35.0
G01 Z-1 F200 ; Tool Down
G01 X30.4 Y35.0 F500
G01 X30.5 Y34.9 F500
G01 X30.7 Y34.9 F500
G01 X30.8 Y35.0 F500
G01 X30.8 Y35.1 F500
G01 X31.0 Y35.3 F500
G01 X31.0 Y35.4 F500
G01 X31.1 Y35.5 F500
G01 X31.1 Y35.7 F500
G01 X31.0 Y35.8 F500
G01 X30.8 Y35.8 F500
G01 X30.6 Y35.6 F500
G01 X30.6 Y35.5 F500
G01 X30.5 Y35.4 F500
G01 X30.5 Y35.3 F500
G01 X30.4 Y35.2 F500
G00 Z5 ; Tool Up
G00 X30.4 Y34.8
G01 Z-1 F200 ; Tool Down
G01 X30.4 Y34.8 F500
G01 X30.3 Y34.9 F500
G01 X30.3 Y35.3 F500
G01 X30.4 Y35.4 F500
G01 X30.4 Y35.5 F500
G01 X30.5 Y35.6 F500
G01 X30.5 Y35.7 F500
G01 X30.7 Y35.9 F500
G01 X30.9 Y35.9 F500
G01 X31.0 Y35.8 F500
G01 X31.1 Y35.8 F500
G01 X31.2 Y35.7 F500
G01 X31.2 Y35.4 F500
G01 X31.1 Y35.3 F500
G01 X31.1 Y35.2 F500
G01 X31.0 Y35.1 F500
G01 X31.0 Y35.0 F500
G01 X30.8 Y34.8 F500
G00 Z5 ; Tool Up
G00 X19.0 Y34.8
G01 Z-1 F200 ; Tool Down
G01 X19.0 Y34.8 F500
G01 X19.2 Y35.0 F500
G01 X19.1 Y35.1 F500
G01 X19.1 Y35.2 F500
G01 X19.0 Y35.3 F500
G01 X19.0 Y35.4 F500
G01 X18.8 Y35.6 F500
G01 X18.8 Y35.7 F500
G01 X18.7 Y35.8 F500
G01 X18.8 Y35.9 F500
G01 X19.0 Y35.7 F500
G01 X19.0 Y35.5 F500
G01 X19.2 Y35.3 F500
G01 X19.2 Y35.2 F500
G01 X19.4 Y35.0 F500
G01 X19.5 Y35.1 F500
G01 X19.6 Y35.1 F500
G01 X19.7 Y35.2 F500
G01 X19.7 Y35.3 F500
G01 X19.6 Y35.4 F500
G01 X19.6 Y35.6 F500
G01 X19.5 Y35.7 F500
G01 X19.5 Y35.8 F500
G01 X19.4 Y35.9 F500
G01 X19.4 Y36.2 F500
G01 X19.5 Y36.3 F500
G01 X19.7 Y36.3 F500
G01 X19.8 Y36.4 F500
G01 X20.1 Y36.1 F500
G01 X20.1 Y36.0 F500
G01 X20.2 Y35.9 F500
G01 X20.2 Y35.7 F500
G01 X20.3 Y35.6 F500
G01 X20.3 Y35.4 F500
G01 X20.2 Y35.4 F500
G01 X20.2 Y35.5 F500
G01 X20.1 Y35.6 F500
G01 X20.1 Y35.7 F500
G01 X20.0 Y35.8 F500
G01 X20.0 Y36.0 F500
G01 X19.9 Y36.1 F500
G01 X19.9 Y36.2 F500
G01 X19.8 Y36.3 F500
G01 X19.6 Y36.3 F500
G01 X19.5 Y36.2 F500
G01 X19.5 Y35.9 F500
G01 X19.7 Y35.7 F500
G01 X19.7 Y35.6 F500
G01 X19.8 Y35.5 F500
G01 X19.8 Y35.3 F500
G01 X19.9 Y35.2 F500
G01 X19.7 Y35.2 F500
G01 X19.4 Y34.9 F500
G01 X19.3 Y34.9 F500
G01 X19.2 Y34.8 F500
G00 Z5 ; Tool Up
G00 X31.3 Y34.3
G01 Z-1 F200 ; Tool Down
G01 X31.3 Y34.3 F500
G01 X31.2 Y34.4 F500
G01 X31.1 Y34.4 F500
G01 X31.1 Y34.8 F500
G01 X31.2 Y34.9 F500
G01 X31.2 Y35.0 F500
G01 X31.4 Y35.2 F500
G01 X31.4 Y35.3 F500
G01 X31.5 Y35.3 F500
G01 X31.6 Y35.4 F500
G01 X31.8 Y35.4 F500
G01 X31.9 Y35.3 F500
G01 X31.9 Y35.2 F500
G01 X32.0 Y35.1 F500
G01 X32.1 Y35.1 F500
G01 X32.1 Y35.0 F500
G01 X31.9 Y34.8 F500
G01 X31.9 Y34.7 F500
G01 X31.7 Y34.7 F500
G01 X31.6 Y34.8 F500
G01 X31.6 Y34.9 F500
G01 X31.7 Y34.8 F500
G01 X31.9 Y35.0 F500
G01 X31.9 Y35.2 F500
G01 X31.8 Y35.3 F500
G01 X31.7 Y35.3 F500
G01 X31.3 Y34.9 F500
G01 X31.3 Y34.8 F500
G01 X31.2 Y34.7 F500
G01 X31.2 Y34.5 F500
G01 X31.3 Y34.4 F500
G01 X31.4 Y34.4 F500
G01 X31.5 Y34.5 F500
G01 X31.6 Y34.4 F500
G01 X31.5 Y34.3 F500
G00 Z5 ; Tool Up
G00 X18.0 Y34.1
G01 Z-1 F200 ; Tool Down
G01 X18.0 Y34.1 F500
G01 X18.0 Y34.2 F500
G01 X18.1 Y34.2 F500
G01 X18.2 Y34.3 F500
G01 X18.0 Y34.5 F500
G01 X18.0 Y34.6 F500
G01 X17.9 Y34.7 F500
G01 X17.9 Y34.8 F500
G01 X17.6 Y35.1 F500
G01 X17.7 Y35.2 F500
G01 X17.9 Y35.0 F500
G01 X17.9 Y34.9 F500
G01 X18.2 Y34.6 F500
G01 X18.2 Y34.5 F500
G01 X18.3 Y34.4 F500
G01 X18.4 Y34.5 F500
G01 X18.6 Y34.5 F500
G01 X18.7 Y34.6 F500
G01 X18.7 Y34.7 F500
G01 X18.5 Y34.9 F500
G01 X18.5 Y35.0 F500
G01 X18.3 Y35.2 F500
G01 X18.3 Y35.3 F500
G01 X18.2 Y35.4 F500
G01 X18.2 Y35.5 F500
G01 X18.3 Y35.5 F500
G01 X18.5 Y35.3 F500
G01 X18.5 Y35.2 F500
G01 X18.6 Y35.1 F500
G01 X18.6 Y35.0 F500
G01 X18.8 Y34.8 F500
G01 X18.8 Y34.6 F500
G01 X18.7 Y34.6 F500
G01 X18.4 Y34.3 F500
G01 X18.3 Y34.3 F500
G01 X18.1 Y34.1 F500
G00 Z5 ; Tool Up
G00 X32.1 Y33.7
G01 Z-1 F200 ; Tool Down
G01 X32.1 Y33.7 F500
G01 X32.1 Y34.0 F500
G01 X32.2 Y34.1 F500
G01 X32.1 Y34.2 F500
G01 X32.0 Y34.2 F500
G01 X31.8 Y34.0 F500
G01 X31.7 Y34.0 F500
G01 X31.6 Y34.1 F500
G01 X31.7 Y34.2 F500
G01 X31.9 Y34.2 F500
G01 X32.0 Y34.3 F500
G01 X32.1 Y34.3 F500
G01 X32.5 Y34.7 F500
G01 X32.5 Y34.8 F500
G01 X32.6 Y34.7 F500
G01 X32.6 Y34.6 F500
G01 X32.3 Y34.3 F500
G01 X32.3 Y34.1 F500
G01 X32.2 Y34.0 F500
G01 X32.2 Y33.7 F500
G00 Z5 ; Tool Up
G00 X17.4 Y33.6
G01 Z-1 F200 ; Tool Down
G01 X17.4 Y33.6 F500
G01 X17.2 Y33.8 F500
G01 X17.2 Y34.2 F500
G01 X17.3 Y34.3 F500
G01 X17.3 Y34.5 F500
G01 X17.2 Y34.6 F500
G01 X17.0 Y34.6 F500
G01 X16.9 Y34.5 F500
G01 X16.9 Y34.2 F500
G01 X16.8 Y34.2 F500
G01 X16.8 Y34.5 F500
G01 X17.0 Y34.7 F500
G01 X17.3 Y34.7 F500
G01 X17.5 Y34.5 F500
G01 X17.5 Y34.4 F500
G01 X17.4 Y34.3 F500
G01 X17.4 Y34.1 F500
G01 X17.3 Y34.0 F500
G01 X17.3 Y33.9 F500
G01 X17.4 Y33.8 F500
G01 X17.6 Y33.8 F500
G01 X17.7 Y33.9 F500
G01 X17.7 Y34.1 F500
G01 X17.8 Y34.1 F500
G01 X17.8 Y33.9 F500
G01 X17.7 Y33.8 F500
G01 X17.7 Y33.7 F500
G01 X17.5 Y33.7 F500
G00 Z5 ; Tool Up
G00 X33.0 Y33.0
G01 Z-1 F200 ; Tool Down
G01 X33.0 Y33.0 F500
G01 X33.1 Y33.0 F500
G01 X33.2 Y33.1 F500
G01 X33.2 Y33.2 F500
G01 X33.3 Y33.3 F500
G01 X33.1 Y33.5 F500
G01 X33.0 Y33.5 F500
G01 X32.8 Y33.3 F500
G01 X32.8 Y33.2 F500
G00 Z5 ; Tool Up
G00 X16.7 Y33.0
G01 Z-1 F200 ; Tool Down
G01 X16.7 Y33.0 F500
G01 X16.0 Y33.7 F500
G01 X16.0 Y33.8 F500
G01 X16.1 Y33.8 F500
G01 X16.5 Y33.4 F500
G01 X16.6 Y33.5 F500
G01 X16.6 Y33.6 F500
G01 X16.5 Y33.7 F500
G01 X16.5 Y33.8 F500
G01 X16.4 Y33.9 F500
G01 X16.4 Y34.2 F500
G01 X16.5 Y34.2 F500
G01 X17.2 Y33.5 F500
G01 X17.2 Y33.4 F500
G01 X17.1 Y33.4 F500
G01 X16.7 Y33.8 F500
G01 X16.6 Y33.7 F500
G01 X16.6 Y33.6 F500
G01 X16.7 Y33.5 F500
G01 X16.7 Y33.4 F500
G01 X16.8 Y33.3 F500
G01 X16.8 Y33.2 F500
G01 X16.9 Y33.1 F500
G01 X16.8 Y33.0 F500
G00 Z5 ; Tool Up
G00 X32.9 Y32.9
G01 Z-1 F200 ; Tool Down
G01 X32.9 Y32.9 F500
G01 X32.6 Y33.2 F500
G01 X32.6 Y33.3 F500
G01 X33.3 Y34.0 F500
G01 X33.4 Y34.0 F500
G01 X33.4 Y33.9 F500
G01 X33.3 Y33.8 F500
G01 X33.3 Y33.7 F500
G01 X33.2 Y33.6 F500
G01 X33.2 Y33.5 F500
G01 X33.3 Y33.4 F500
G01 X33.5 Y33.4 F500
G01 X33.7 Y33.6 F500
G01 X33.8 Y33.6 F500
G01 X33.8 Y33.5 F500
G01 X33.6 Y33.3 F500
G01 X33.5 Y33.3 F500
G01 X33.3 Y33.1 F500
G01 X33.3 Y33.0 F500
G01 X33.2 Y32.9 F500
G00 Z5 ; Tool Up
G00 X16.4 Y32.7
G01 Z-1 F200 ; Tool Down
G01 X16.4 Y32.7 F500
G01 X15.7 Y33.4 F500
G01 X15.8 Y33.5 F500
G01 X16.4 Y32.9 F500
G01 X16.5 Y32.9 F500
G01 X16.6 Y32.8 F500
G01 X16.6 Y32.7 F500
G00 Z5 ; Tool Up
G00 X33.6 Y32.3
G01 Z-1 F200 ; Tool Down
G01 X33.6 Y32.3 F500
G01 X33.7 Y32.3 F500
G01 X34.0 Y32.6 F500
G01 X34.1 Y32.6 F500
G01 X34.3 Y32.8 F500
G01 X34.3 Y33.0 F500
G01 X34.2 Y33.1 F500
G01 X33.9 Y33.1 F500
G01 X33.4 Y32.6 F500
G01 X33.4 Y32.5 F500
G00 Z5 ; Tool Up
G00 X33.6 Y32.2
G01 Z-1 F200 ; Tool Down
G01 X33.6 Y32.2 F500
G01 X33.3 Y32.5 F500
G01 X33.3 Y32.7 F500
G01 X33.7 Y33.1 F500
G01 X33.8 Y33.1 F500
G01 X33.9 Y33.2 F500
G01 X34.2 Y33.2 F500
G01 X34.4 Y33.0 F500
G01 X34.4 Y32.8 F500
G01 X34.2 Y32.6 F500
G01 X34.2 Y32.5 F500
G01 X34.1 Y32.4 F500
G01 X34.0 Y32.4 F500
G01 X33.9 Y32.3 F500
G01 X33.8 Y32.3 F500
G01 X33.7 Y32.2 F500
G00 Z5 ; Tool Up
G00 X25.6 Y32.1
G01 Z-1 F200 ; Tool Down
G01 X25.6 Y32.1 F500
G01 X25.5 Y32.2 F500
G01 X25.4 Y32.2 F500
G01 X25.3 Y32.3 F500
G01 X25.3 Y32.4 F500
G01 X25.2 Y32.5 F500
G01 X25.2 Y33.0 F500
G01 X25.3 Y33.1 F500
G01 X25.3 Y33.3 F500
G01 X25.6 Y33.6 F500
G01 X25.7 Y33.6 F500
G01 X25.8 Y33.7 F500
G01 X26.1 Y33.7 F500
G01 X25.8 Y33.7 F500
G01 X25.5 Y33.4 F500
G01 X25.5 Y33.3 F500
G01 X25.4 Y33.2 F500
G01 X25.4 Y32.8 F500
G01 X25.6 Y32.6 F500
G01 X26.2 Y32.6 F500
G01 X26.2 Y32.5 F500
G01 X26.3 Y32.4 F500
G01 X26.2 Y32.3 F500
G01 X26.2 Y32.2 F500
G01 X26.1 Y32.1 F500
G00 Z5 ; Tool Up
G00 X23.4 Y32.1
G01 Z-1 F200 ; Tool Down
G01 X23.4 Y32.1 F500
G01 X23.2 Y32.3 F500
G01 X23.2 Y32.4 F500
G01 X23.4 Y32.6 F500
G01 X23.5 Y32.6 F500
G01 X23.6 Y32.5 F500
G01 X23.8 Y32.5 F500
G01 X24.1 Y32.8 F500
G01 X24.1 Y33.2 F500
G01 X24.0 Y33.3 F500
G01 X24.0 Y33.4 F500
G01 X23.9 Y33.5 F500
G01 X23.8 Y33.5 F500
G01 X23.7 Y33.6 F500
G01 X23.8 Y33.6 F500
G01 X24.0 Y33.4 F500
G01 X24.1 Y33.4 F500
G01 X24.2 Y33.3 F500
G01 X24.2 Y33.1 F500
G01 X24.3 Y33.0 F500
G01 X24.3 Y32.5 F500
G01 X24.2 Y32.4 F500
G01 X24.2 Y32.3 F500
G01 X24.0 Y32.1 F500
G00 Z5 ; Tool Up
G00 X34.0 Y31.7
G01 Z-1 F200 ; Tool Down
G01 X34.0 Y31.7 F500
G01 X34.1 Y31.6 F500
G01 X34.3 Y31.6 F500
G01 X34.5 Y31.8 F500
G01 X34.6 Y31.8 F500
G01 X34.9 Y32.1 F500
G01 X34.9 Y32.2 F500
G01 X34.7 Y32.4 F500
G01 X34.6 Y32.3 F500
G01 X34.5 Y32.3 F500
G01 X34.4 Y32.2 F500
G01 X34.3 Y32.2 F500
G01 X34.0 Y31.9 F500
G00 Z5 ; Tool Up
G00 X15.6 Y31.6
G01 Z-1 F200 ; Tool Down
G01 X15.6 Y31.6 F500
G01 X15.3 Y31.9 F500
G01 X15.2 Y31.9 F500
G01 X15.0 Y32.1 F500
G01 X14.9 Y32.1 F500
G01 X14.8 Y32.2 F500
G01 X14.8 Y32.3 F500
G01 X14.9 Y32.3 F500
G01 X15.0 Y32.2 F500
G01 X15.1 Y32.2 F500
G01 X15.4 Y31.9 F500
G01 X15.5 Y32.0 F500
G01 X15.5 Y32.1 F500
G01 X15.2 Y32.4 F500
G01 X15.2 Y32.5 F500
G01 X15.1 Y32.6 F500
G01 X15.1 Y32.7 F500
G01 X15.2 Y32.8 F500
G01 X15.3 Y32.7 F500
G01 X15.4 Y32.7 F500
G01 X15.7 Y32.4 F500
G01 X15.8 Y32.4 F500
G01 X16.0 Y32.2 F500
G01 X16.1 Y32.2 F500
G01 X16.0 Y32.1 F500
G01 X15.9 Y32.1 F500
G01 X15.6 Y32.4 F500
G01 X15.5 Y32.4 F500
G01 X15.4 Y32.3 F500
G01 X15.5 Y32.2 F500
G01 X15.5 Y32.1 F500
G01 X15.7 Y31.9 F500
G01 X15.7 Y31.8 F500
G01 X15.8 Y31.7 F500
G01 X15.7 Y31.6 F500
G00 Z5 ; Tool Up
G00 X34.1 Y31.5
G01 Z-1 F200 ; Tool Down
G01 X34.1 Y31.5 F500
G01 X33.9 Y31.7 F500
G01 X33.9 Y32.0 F500
G01 X34.1 Y32.2 F500
G01 X34.2 Y32.2 F500
G01 X34.4 Y32.4 F500
G01 X34.5 Y32.4 F500
G01 X34.6 Y32.5 F500
G01 X34.7 Y32.5 F500
G01 X35.0 Y32.2 F500
G01 X35.0 Y32.0 F500
G01 X34.6 Y31.6 F500
G01 X34.5 Y31.6 F500
G01 X34.4 Y31.5 F500
G00 Z5 ; Tool Up
G00 X27.7 Y31.5
G01 Z-1 F200 ; Tool Down
G01 X27.7 Y31.5 F500
G01 X27.6 Y31.6 F500
G01 X27.5 Y31.6 F500
G01 X27.3 Y31.8 F500
G01 X27.3 Y32.5 F500
G01 X27.4 Y32.6 F500
G01 X27.4 Y32.7 F500
G01 X27.6 Y32.9 F500
G01 X27.7 Y32.9 F500
G01 X27.8 Y33.0 F500
G01 X27.9 Y32.9 F500
G01 X28.0 Y33.0 F500
G01 X28.3 Y33.0 F500
G01 X28.0 Y33.0 F500
G01 X27.9 Y32.9 F500
G01 X27.8 Y33.0 F500
G01 X27.7 Y32.9 F500
G01 X27.7 Y32.8 F500
G01 X27.6 Y32.7 F500
G01 X27.6 Y32.6 F500
G01 X27.5 Y32.5 F500
G01 X27.5 Y32.3 F500
G01 X27.7 Y32.1 F500
G01 X27.8 Y32.1 F500
G01 X27.9 Y32.0 F500
G01 X28.1 Y32.0 F500
G01 X28.2 Y31.9 F500
G01 X28.2 Y31.6 F500
G01 X28.1 Y31.5 F500
G00 Z5 ; Tool Up
G00 X21.5 Y31.4
G01 Z-1 F200 ; Tool Down
G01 X21.5 Y31.4 F500
G01 X21.3 Y31.6 F500
G01 X21.3 Y31.8 F500
G01 X21.5 Y32.0 F500
G01 X21.8 Y32.0 F500
G01 X22.0 Y32.2 F500
G01 X22.0 Y32.5 F500
G01 X21.9 Y32.6 F500
G01 X21.9 Y32.7 F500
G01 X21.7 Y32.9 F500
G01 X21.5 Y32.9 F500
G01 X21.9 Y32.9 F500
G01 X22.1 Y32.7 F500
G01 X22.1 Y32.6 F500
G01 X22.2 Y32.5 F500
G01 X22.2 Y32.3 F500
G01 X22.3 Y32.2 F500
G01 X22.3 Y32.0 F500
G01 X22.2 Y31.9 F500
G01 X22.2 Y31.7 F500
G01 X22.1 Y31.6 F500
G01 X22.0 Y31.6 F500
G01 X21.8 Y31.4 F500
G00 Z5 ; Tool Up
G00 X14.8 Y31.3
G01 Z-1 F200 ; Tool Down
G01 X14.8 Y31.3 F500
G01 X14.9 Y31.2 F500
G01 X15.0 Y31.2 F500
G01 X15.1 Y31.3 F500
G01 X15.1 Y31.4 F500
G01 X15.0 Y31.5 F500
G01 X14.9 Y31.5 F500
G01 X14.8 Y31.6 F500
G01 X14.6 Y31.4 F500
G01 X14.7 Y31.3 F500
G00 Z5 ; Tool Up
G00 X34.5 Y31.0
G01 Z-1 F200 ; Tool Down
G01 X34.5 Y31.0 F500
G01 X34.6 Y30.9 F500
G01 X34.8 Y30.9 F500
G01 X35.0 Y31.1 F500
G01 X34.8 Y31.3 F500
G01 X34.7 Y31.3 F500
G01 X34.5 Y31.1 F500
G00 Z5 ; Tool Up
G00 X15.2 Y31.0
G01 Z-1 F200 ; Tool Down
G01 X15.2 Y31.0 F500
G01 X15.1 Y31.1 F500
G01 X14.9 Y31.1 F500
G01 X14.8 Y31.2 F500
G01 X14.5 Y31.2 F500
G01 X14.4 Y31.3 F500
G01 X14.2 Y31.3 F500
G01 X14.2 Y31.4 F500
G01 X14.5 Y31.4 F500
G01 X14.6 Y31.5 F500
G01 X14.6 Y31.6 F500
G01 X14.7 Y31.7 F500
G01 X14.7 Y31.8 F500
G01 X14.6 Y31.9 F500
G01 X14.6 Y32.0 F500
G01 X14.8 Y31.8 F500
G01 X14.9 Y31.8 F500
G01 X14.9 Y31.7 F500
G01 X15.4 Y31.2 F500
G01 X15.3 Y31.1 F500
G01 X15.3 Y31.0 F500
G00 Z5 ; Tool Up
G00 X34.6 Y30.7
G01 Z-1 F200 ; Tool Down
G01 X34.6 Y30.7 F500
G01 X34.5 Y30.8 F500
G01 X34.5 Y30.9 F500
G01 X34.4 Y31.0 F500
G01 X34.4 Y31.1 F500
G01 X34.3 Y31.2 F500
G01 X34.4 Y31.3 F500
G01 X34.5 Y31.3 F500
G01 X34.6 Y31.4 F500
G01 X34.7 Y31.4 F500
G01 X34.8 Y31.5 F500
G01 X34.9 Y31.5 F500
G01 X35.1 Y31.7 F500
G01 X35.3 Y31.7 F500
G01 X35.3 Y31.6 F500
G01 X35.2 Y31.6 F500
G01 X35.1 Y31.5 F500
G01 X35.0 Y31.5 F500
G01 X34.9 Y31.4 F500
G01 X34.9 Y31.3 F500
G01 X35.1 Y31.1 F500
G01 X35.2 Y31.1 F500
G01 X35.3 Y31.2 F500
G01 X35.4 Y31.2 F500
G01 X35.5 Y31.3 F500
G01 X35.6 Y31.2 F500
G01 X35.5 Y31.1 F500
G01 X35.4 Y31.1 F500
G01 X35.3 Y31.0 F500
G01 X35.1 Y31.0 F500
G01 X35.0 Y30.9 F500
G01 X35.0 Y30.8 F500
G01 X34.9 Y30.8 F500
G01 X34.8 Y30.7 F500
G00 Z5 ; Tool Up
G00 X14.9 Y30.5
G01 Z-1 F200 ; Tool Down
G01 X14.9 Y30.5 F500
G01 X14.8 Y30.6 F500
G01 X14.7 Y30.6 F500
G01 X14.6 Y30.7 F500
G01 X14.5 Y30.7 F500
G01 X14.4 Y30.8 F500
G01 X14.3 Y30.8 F500
G01 X14.2 Y30.9 F500
G01 X14.1 Y30.9 F500
G01 X14.0 Y31.0 F500
G01 X14.0 Y31.1 F500
G01 X14.1 Y31.1 F500
G01 X14.2 Y31.0 F500
G01 X14.3 Y31.0 F500
G01 X14.4 Y30.9 F500
G01 X14.5 Y30.9 F500
G01 X14.6 Y30.8 F500
G01 X14.7 Y30.8 F500
G01 X14.9 Y30.6 F500
G01 X15.0 Y30.6 F500
G01 X15.0 Y30.5 F500
G00 Z5 ; Tool Up
G00 X29.6 Y30.3
G01 Z-1 F200 ; Tool Down
G01 X29.6 Y30.3 F500
G01 X29.5 Y30.4 F500
G01 X29.4 Y30.4 F500
G01 X29.4 Y30.5 F500
G01 X29.2 Y30.7 F500
G01 X29.2 Y31.2 F500
G01 X29.3 Y31.3 F500
G01 X29.3 Y31.4 F500
G01 X29.6 Y31.7 F500
G01 X29.7 Y31.7 F500
G01 X29.8 Y31.8 F500
G01 X30.1 Y31.8 F500
G01 X30.2 Y31.7 F500
G01 X30.5 Y31.7 F500
G01 X29.8 Y31.7 F500
G01 X29.6 Y31.5 F500
G01 X29.6 Y31.4 F500
G01 X29.5 Y31.3 F500
G01 X29.5 Y31.1 F500
G01 X29.8 Y30.8 F500
G01 X29.9 Y30.8 F500
G01 X30.1 Y30.6 F500
G01 X30.1 Y30.5 F500
G01 X30.0 Y30.4 F500
G01 X29.9 Y30.4 F500
G01 X29.8 Y30.3 F500
G00 Z5 ; Tool Up
G00 X19.6 Y30.2
G01 Z-1 F200 ; Tool Down
G01 X19.6 Y30.2 F500
G01 X19.6 Y30.3 F500
G01 X19.5 Y30.4 F500
G01 X19.5 Y30.6 F500
G01 X19.6 Y30.6 F500
G01 X19.7 Y30.7 F500
G01 X19.8 Y30.7 F500
G01 X20.0 Y30.9 F500
G01 X20.0 Y31.0 F500
G01 X20.1 Y31.1 F500
G01 X20.0 Y31.2 F500
G01 X20.0 Y31.3 F500
G01 X19.8 Y31.5 F500
G01 X19.7 Y31.5 F500
G01 X19.6 Y31.6 F500
G01 X19.5 Y31.6 F500
G01 X19.4 Y31.7 F500
G01 X19.3 Y31.7 F500
G01 X19.2 Y31.6 F500
G01 X19.1 Y31.6 F500
G01 X19.2 Y31.6 F500
G01 X19.3 Y31.7 F500
G01 X19.8 Y31.7 F500
G01 X20.0 Y31.5 F500
G01 X20.1 Y31.5 F500
G01 X20.0 Y31.4 F500
G01 X20.1 Y31.3 F500
G01 X20.2 Y31.3 F500
G01 X20.3 Y31.2 F500
G01 X20.3 Y31.1 F500
G01 X20.4 Y31.0 F500
G01 X20.4 Y30.7 F500
G01 X20.3 Y30.6 F500
G01 X20.3 Y30.5 F500
G01 X20.0 Y30.2 F500
G00 Z5 ; Tool Up
G00 X35.0 Y29.9
G01 Z-1 F200 ; Tool Down
G01 X35.0 Y29.9 F500
G01 X35.0 Y30.0 F500
G01 X35.2 Y30.2 F500
G01 X35.2 Y30.3 F500
G01 X35.1 Y30.4 F500
G01 X35.0 Y30.4 F500
G01 X34.9 Y30.3 F500
G01 X34.8 Y30.3 F500
G01 X34.8 Y30.4 F500
G01 X34.9 Y30.5 F500
G01 X35.0 Y30.5 F500
G01 X35.1 Y30.6 F500
G01 X35.2 Y30.6 F500
G01 X35.3 Y30.7 F500
G01 X35.4 Y30.7 F500
G01 X35.5 Y30.8 F500
G01 X35.6 Y30.8 F500
G01 X35.7 Y30.9 F500
G01 X35.8 Y30.9 F500
G01 X35.8 Y30.8 F500
G01 X35.7 Y30.7 F500
G01 X35.6 Y30.7 F500
G01 X35.4 Y30.5 F500
G01 X35.5 Y30.4 F500
G01 X36.0 Y30.4 F500
G01 X36.1 Y30.3 F500
G01 X35.4 Y30.3 F500
G01 X35.2 Y30.1 F500
G01 X35.2 Y30.0 F500
G01 X35.1 Y29.9 F500
G00 Z5 ; Tool Up
G00 X25.3 Y29.9
G01 Z-1 F200 ; Tool Down
G01 X25.3 Y29.9 F500
G01 X25.3 Y30.2 F500
G01 X25.3 Y30.1 F500
G01 X25.4 Y30.0 F500
G01 X25.5 Y30.1 F500
G01 X25.4 Y30.0 F500
G01 X25.4 Y29.9 F500
G00 Z5 ; Tool Up
G00 X14.3 Y29.9
G01 Z-1 F200 ; Tool Down
G01 X14.3 Y29.9 F500
G01 X14.4 Y29.8 F500
G01 X14.5 Y29.8 F500
G01 X14.6 Y29.9 F500
G01 X14.6 Y30.2 F500
G01 X14.5 Y30.3 F500
G01 X14.4 Y30.3 F500
G01 X14.3 Y30.4 F500
G01 X14.2 Y30.4 F500
G01 X14.1 Y30.5 F500
G01 X13.9 Y30.5 F500
G01 X13.7 Y30.3 F500
G01 X14.0 Y30.0 F500
G01 X14.1 Y30.0 F500
G01 X14.2 Y29.9 F500
G00 Z5 ; Tool Up
G00 X24.8 Y29.8
G01 Z-1 F200 ; Tool Down
G01 X24.8 Y29.8 F500
G01 X24.8 Y29.9 F500
G01 X24.9 Y30.0 F500
G01 X24.8 Y30.1 F500
G01 X24.7 Y30.1 F500
G01 X24.8 Y30.1 F500
G01 X24.9 Y30.2 F500
G01 X24.9 Y30.0 F500
G01 X24.8 Y29.9 F500
G00 Z5 ; Tool Up
G00 X14.5 Y29.6
G01 Z-1 F200 ; Tool Down
G01 X14.5 Y29.6 F500
G01 X14.3 Y29.8 F500
G01 X14.2 Y29.8 F500
G01 X14.1 Y29.9 F500
G01 X13.9 Y29.9 F500
G01 X13.8 Y30.0 F500
G01 X13.7 Y30.0 F500
G01 X13.6 Y30.1 F500
G01 X13.6 Y30.3 F500
G01 X13.7 Y30.4 F500
G01 X13.7 Y30.5 F500
G01 X13.8 Y30.6 F500
G01 X14.2 Y30.6 F500
G01 X14.3 Y30.5 F500
G01 X14.4 Y30.5 F500
G01 X14.5 Y30.4 F500
G01 X14.6 Y30.4 F500
G01 X14.7 Y30.3 F500
G01 X14.7 Y29.9 F500
G01 X14.6 Y29.8 F500
G01 X14.6 Y29.7 F500
G00 Z5 ; Tool Up
G00 X26.5 Y29.5
G01 Z-1 F200 ; Tool Down
G01 X26.5 Y29.5 F500
G01 X26.5 Y29.8 F500
G01 X26.8 Y29.8 F500
G01 X26.7 Y29.7 F500
G01 X26.6 Y29.8 F500
G01 X26.5 Y29.7 F500
G01 X26.5 Y29.6 F500
G01 X26.6 Y29.5 F500
G00 Z5 ; Tool Up
G00 X23.0 Y29.4
G01 Z-1 F200 ; Tool Down
G01 X23.0 Y29.4 F500
G01 X23.0 Y29.5 F500
G01 X22.9 Y29.6 F500
G01 X22.9 Y29.7 F500
G01 X22.8 Y29.8 F500
G01 X22.9 Y29.7 F500
G01 X22.9 Y29.6 F500
G01 X23.0 Y29.5 F500
G00 Z5 ; Tool Up
G00 X26.8 Y29.3
G01 Z-1 F200 ; Tool Down
G01 X26.8 Y29.3 F500
G01 X26.8 Y29.4 F500
G01 X26.9 Y29.5 F500
G01 X26.9 Y29.6 F500
G01 X27.0 Y29.7 F500
G01 X26.9 Y29.6 F500
G01 X26.9 Y29.5 F500
G01 X26.8 Y29.4 F500
G00 Z5 ; Tool Up
G00 X35.4 Y29.1
G01 Z-1 F200 ; Tool Down
G01 X35.4 Y29.1 F500
G01 X35.3 Y29.2 F500
G01 X35.3 Y29.3 F500
G01 X35.2 Y29.4 F500
G01 X35.2 Y29.6 F500
G01 X35.3 Y29.7 F500
G01 X35.5 Y29.7 F500
G01 X35.6 Y29.8 F500
G01 X35.8 Y29.8 F500
G01 X35.9 Y29.9 F500
G01 X36.0 Y29.9 F500
G01 X36.1 Y30.0 F500
G01 X36.2 Y30.0 F500
G01 X36.2 Y29.9 F500
G01 X36.3 Y29.8 F500
G01 X36.3 Y29.6 F500
G01 X36.4 Y29.5 F500
G01 X36.3 Y29.5 F500
G01 X36.3 Y29.6 F500
G01 X36.1 Y29.8 F500
G01 X35.9 Y29.8 F500
G01 X35.8 Y29.7 F500
G01 X35.8 Y29.4 F500
G01 X35.9 Y29.3 F500
G01 X35.8 Y29.3 F500
G01 X35.8 Y29.4 F500
G01 X35.6 Y29.6 F500
G01 X35.5 Y29.6 F500
G01 X35.3 Y29.4 F500
G01 X35.4 Y29.3 F500
G00 Z5 ; Tool Up
G00 X22.2 Y29.1
G01 Z-1 F200 ; Tool Down
G01 X22.2 Y29.1 F500
G01 X22.1 Y29.2 F500
G01 X22.0 Y29.2 F500
G01 X21.9 Y29.3 F500
G01 X22.0 Y29.3 F500
G01 X22.1 Y29.4 F500
G01 X22.2 Y29.3 F500
G01 X22.1 Y29.2 F500
G01 X22.2 Y29.1 F500
G01 X22.3 Y29.1 F500
G00 Z5 ; Tool Up
G00 X28.2 Y28.8
G01 Z-1 F200 ; Tool Down
G01 X28.2 Y28.8 F500
G01 X28.1 Y28.9 F500
G01 X28.0 Y28.9 F500
G01 X28.0 Y29.0 F500
G01 X28.2 Y28.8 F500
G01 X28.3 Y28.9 F500
G00 Z5 ; Tool Up
G00 X21.5 Y28.8
G01 Z-1 F200 ; Tool Down
G01 X21.5 Y28.8 F500
G01 X21.4 Y28.9 F500
G01 X21.5 Y28.9 F500
G01 X21.6 Y29.0 F500
G01 X21.6 Y29.1 F500
G01 X21.6 Y29.0 F500
G01 X21.7 Y28.9 F500
G01 X21.6 Y29.0 F500
G01 X21.5 Y28.9 F500
G00 Z5 ; Tool Up
G00 X14.0 Y28.8
G01 Z-1 F200 ; Tool Down
G01 X14.0 Y28.8 F500
G01 X13.9 Y28.9 F500
G01 X13.8 Y28.9 F500
G01 X13.7 Y29.0 F500
G01 X13.5 Y29.0 F500
G01 X13.4 Y29.1 F500
G01 X13.2 Y29.1 F500
G01 X13.2 Y29.3 F500
G01 X13.3 Y29.2 F500
G01 X13.4 Y29.2 F500
G01 X13.5 Y29.1 F500
G01 X13.7 Y29.1 F500
G01 X13.8 Y29.2 F500
G01 X13.4 Y29.6 F500
G01 X13.4 Y29.8 F500
G01 X13.5 Y29.8 F500
G01 X13.6 Y29.7 F500
G01 X13.8 Y29.7 F500
G01 X13.9 Y29.6 F500
G01 X14.0 Y29.6 F500
G01 X14.1 Y29.5 F500
G01 X14.3 Y29.5 F500
G01 X14.4 Y29.4 F500
G01 X14.4 Y29.3 F500
G01 X14.3 Y29.4 F500
G01 X14.1 Y29.4 F500
G01 X14.0 Y29.5 F500
G01 X13.9 Y29.5 F500
G01 X13.8 Y29.4 F500
G01 X14.2 Y29.0 F500
G01 X14.2 Y28.8 F500
G00 Z5 ; Tool Up
G00 X30.9 Y28.7
G01 Z-1 F200 ; Tool Down
G01 X30.9 Y28.7 F500
G01 X30.7 Y28.9 F500
G01 X30.7 Y29.0 F500
G01 X30.6 Y29.1 F500
G01 X30.6 Y29.5 F500
G01 X30.7 Y29.6 F500
G01 X30.7 Y29.7 F500
G01 X31.0 Y30.0 F500
G01 X31.1 Y30.0 F500
G01 X31.2 Y30.1 F500
G01 X31.7 Y30.1 F500
G01 X31.9 Y29.9 F500
G01 X31.8 Y30.0 F500
G01 X31.5 Y30.0 F500
G01 X31.4 Y29.9 F500
G01 X31.3 Y29.9 F500
G01 X31.2 Y29.8 F500
G01 X31.1 Y29.8 F500
G01 X31.0 Y29.7 F500
G01 X31.0 Y29.4 F500
G01 X31.3 Y29.1 F500
G01 X31.3 Y29.0 F500
G01 X31.4 Y28.9 F500
G01 X31.2 Y28.7 F500
G00 Z5 ; Tool Up
G00 X18.4 Y28.6
G01 Z-1 F200 ; Tool Down
G01 X18.4 Y28.6 F500
G01 X18.2 Y28.8 F500
G01 X18.2 Y28.9 F500
G01 X18.6 Y29.3 F500
G01 X18.6 Y29.6 F500
G01 X18.4 Y29.8 F500
G01 X18.3 Y29.8 F500
G01 X18.2 Y29.9 F500
G01 X17.8 Y29.9 F500
G01 X17.7 Y29.8 F500
G01 X17.6 Y29.8 F500
G01 X17.5 Y29.7 F500
G01 X17.6 Y29.8 F500
G01 X17.7 Y29.8 F500
G01 X17.9 Y30.0 F500
G01 X18.4 Y30.0 F500
G01 X18.6 Y29.8 F500
G01 X18.7 Y29.8 F500
G01 X18.9 Y29.6 F500
G01 X18.9 Y29.5 F500
G01 X19.0 Y29.4 F500
G01 X19.0 Y29.1 F500
G01 X18.9 Y29.0 F500
G01 X18.9 Y28.8 F500
G01 X18.7 Y28.6 F500
G00 Z5 ; Tool Up
G00 X35.6 Y28.4
G01 Z-1 F200 ; Tool Down
G01 X35.6 Y28.4 F500
G01 X35.6 Y28.5 F500
G01 X35.5 Y28.6 F500
G01 X35.5 Y28.9 F500
G01 X35.6 Y28.9 F500
G01 X35.7 Y29.0 F500
G01 X36.0 Y29.0 F500
G01 X36.1 Y29.1 F500
G01 X36.3 Y29.1 F500
G01 X36.4 Y29.2 F500
G01 X36.5 Y29.2 F500
G01 X36.5 Y29.1 F500
G01 X36.6 Y29.0 F500
G01 X36.6 Y28.6 F500
G01 X36.6 Y28.7 F500
G01 X36.5 Y28.8 F500
G01 X36.5 Y28.9 F500
G01 X36.4 Y29.0 F500
G01 X36.2 Y29.0 F500
G01 X36.1 Y28.9 F500
G01 X36.1 Y28.5 F500
G01 X36.0 Y28.6 F500
G01 X36.0 Y28.7 F500
G01 X35.9 Y28.8 F500
G01 X35.7 Y28.8 F500
G01 X35.6 Y28.7 F500
G01 X35.6 Y28.6 F500
G01 X35.7 Y28.5 F500
G01 X35.7 Y28.4 F500
G00 Z5 ; Tool Up
G00 X28.5 Y28.4
G01 Z-1 F200 ; Tool Down
G01 X28.5 Y28.4 F500
G01 X28.6 Y28.5 F500
G01 X28.6 Y28.6 F500
G01 X28.5 Y28.7 F500
G01 X28.4 Y28.7 F500
G01 X28.5 Y28.7 F500
G01 X28.6 Y28.6 F500
G01 X28.6 Y28.5 F500
G00 Z5 ; Tool Up
G00 X14.0 Y28.4
G01 Z-1 F200 ; Tool Down
G01 X14.0 Y28.4 F500
G01 X13.9 Y28.5 F500
G01 X13.7 Y28.5 F500
G01 X13.6 Y28.6 F500
G01 X13.4 Y28.6 F500
G01 X13.3 Y28.7 F500
G01 X13.1 Y28.7 F500
G01 X13.1 Y28.8 F500
G01 X13.3 Y28.8 F500
G01 X13.4 Y28.7 F500
G01 X13.6 Y28.7 F500
G01 X13.7 Y28.6 F500
G01 X14.0 Y28.6 F500
G01 X14.1 Y28.5 F500
G01 X14.1 Y28.4 F500
G00 Z5 ; Tool Up
G00 X21.2 Y28.2
G01 Z-1 F200 ; Tool Down
G01 X21.2 Y28.2 F500
G01 X20.9 Y28.5 F500
G01 X21.1 Y28.3 F500
G01 X21.4 Y28.6 F500
G01 X21.3 Y28.7 F500
G01 X21.5 Y28.5 F500
G01 X21.5 Y28.4 F500
G01 X21.4 Y28.5 F500
G01 X21.3 Y28.5 F500
G01 X21.2 Y28.4 F500
G01 X21.2 Y28.3 F500
G01 X21.3 Y28.2 F500
G00 Z5 ; Tool Up
G00 X20.7 Y28.0
G01 Z-1 F200 ; Tool Down
G01 X20.7 Y28.0 F500
G01 X20.9 Y28.2 F500
G01 X20.8 Y28.3 F500
G01 X21.0 Y28.1 F500
G01 X20.9 Y28.2 F500
G01 X20.8 Y28.1 F500
G01 X20.8 Y28.0 F500
G00 Z5 ; Tool Up
G00 X28.8 Y27.6
G01 Z-1 F200 ; Tool Down
G01 X28.8 Y27.6 F500
G01 X28.9 Y27.7 F500
G01 X28.8 Y27.8 F500
G01 X28.7 Y27.8 F500
G01 X28.6 Y27.9 F500
G01 X28.7 Y28.0 F500
G01 X28.7 Y28.1 F500
G01 X28.6 Y28.2 F500
G01 X28.5 Y28.2 F500
G01 X28.4 Y28.1 F500
G01 X28.5 Y28.2 F500
G01 X28.6 Y28.2 F500
G01 X28.7 Y28.1 F500
G01 X28.8 Y28.1 F500
G01 X28.9 Y28.2 F500
G01 X28.6 Y27.9 F500
G01 X28.7 Y27.8 F500
G01 X28.9 Y27.8 F500
G01 X28.9 Y27.7 F500
G00 Z5 ; Tool Up
G00 X20.5 Y27.6
G01 Z-1 F200 ; Tool Down
G01 X20.5 Y27.6 F500
G01 X20.4 Y27.7 F500
G01 X20.5 Y27.6 F500
G01 X20.6 Y27.6 F500
G01 X20.7 Y27.7 F500
G01 X20.9 Y27.7 F500
G01 X20.9 Y27.6 F500
G01 X20.8 Y27.7 F500
G01 X20.7 Y27.7 F500
G01 X20.6 Y27.6 F500
G00 Z5 ; Tool Up
G00 X28.9 Y27.3
G01 Z-1 F200 ; Tool Down
G01 X28.9 Y27.3 F500
G01 X28.9 Y27.4 F500
G01 X29.1 Y27.4 F500
G01 X29.2 Y27.5 F500
G01 X29.1 Y27.6 F500
G01 X29.2 Y27.7 F500
G01 X29.1 Y27.6 F500
G01 X29.2 Y27.5 F500
G01 X29.2 Y27.4 F500
G01 X29.0 Y27.4 F500
G00 Z5 ; Tool Up
G00 X29.1 Y27.1
G01 Z-1 F200 ; Tool Down
G01 X29.1 Y27.1 F500
G01 X29.2 Y27.1 F500
G01 X29.3 Y27.2 F500
G01 X29.4 Y27.2 F500
G01 X29.3 Y27.2 F500
G01 X29.2 Y27.1 F500
G00 Z5 ; Tool Up
G00 X31.7 Y26.8
G01 Z-1 F200 ; Tool Down
G01 X31.7 Y26.8 F500
G01 X31.7 Y26.9 F500
G01 X31.6 Y27.0 F500
G01 X31.6 Y27.1 F500
G01 X31.5 Y27.2 F500
G01 X31.6 Y27.3 F500
G01 X31.5 Y27.4 F500
G01 X31.5 Y27.5 F500
G01 X31.6 Y27.6 F500
G01 X31.6 Y27.7 F500
G01 X31.8 Y27.9 F500
G01 X31.9 Y27.9 F500
G01 X32.1 Y28.1 F500
G01 X32.6 Y28.1 F500
G01 X33.1 Y27.6 F500
G01 X32.8 Y27.9 F500
G01 X32.3 Y27.9 F500
G01 X32.2 Y27.8 F500
G01 X32.1 Y27.8 F500
G01 X32.0 Y27.7 F500
G01 X32.0 Y27.4 F500
G01 X32.1 Y27.3 F500
G01 X32.1 Y27.2 F500
G01 X32.2 Y27.1 F500
G01 X32.2 Y27.0 F500
G01 X32.1 Y26.9 F500
G01 X32.1 Y26.8 F500
G00 Z5 ; Tool Up
G00 X17.6 Y26.7
G01 Z-1 F200 ; Tool Down
G01 X17.6 Y26.7 F500
G01 X17.4 Y26.9 F500
G01 X17.4 Y27.0 F500
G01 X17.6 Y27.2 F500
G01 X17.6 Y27.3 F500
G01 X17.7 Y27.4 F500
G01 X17.7 Y27.5 F500
G01 X17.5 Y27.7 F500
G01 X17.4 Y27.7 F500
G01 X17.3 Y27.8 F500
G01 X16.9 Y27.8 F500
G01 X16.8 Y27.7 F500
G01 X16.7 Y27.7 F500
G01 X16.5 Y27.5 F500
G01 X16.8 Y27.8 F500
G01 X16.9 Y27.8 F500
G01 X17.0 Y27.9 F500
G01 X17.1 Y27.9 F500
G01 X17.2 Y28.0 F500
G01 X17.3 Y28.0 F500
G01 X17.4 Y27.9 F500
G01 X17.6 Y27.9 F500
G01 X17.7 Y27.8 F500
G01 X17.8 Y27.8 F500
G01 X18.1 Y27.5 F500
G01 X18.1 Y26.9 F500
G01 X17.9 Y26.7 F500
G00 Z5 ; Tool Up
G00 X25.3 Y26.0
G01 Z-1 F200 ; Tool Down
G01 X25.3 Y26.0 F500
G01 X25.4 Y26.1 F500
G01 X25.4 Y26.2 F500
G01 X25.5 Y26.3 F500
G01 X25.5 Y26.5 F500
G01 X25.8 Y26.8 F500
G01 X25.8 Y26.9 F500
G01 X26.0 Y27.1 F500
G01 X26.0 Y27.2 F500
G01 X26.2 Y27.4 F500
G01 X26.2 Y27.5 F500
G01 X26.2 Y27.4 F500
G01 X26.1 Y27.3 F500
G01 X26.1 Y27.2 F500
G01 X25.9 Y27.0 F500
G01 X25.9 Y26.9 F500
G01 X25.8 Y26.8 F500
G01 X25.8 Y26.6 F500
G01 X25.7 Y26.5 F500
G01 X25.7 Y26.4 F500
G01 X25.4 Y26.1 F500
G01 X25.4 Y26.0 F500
G00 Z5 ; Tool Up
G00 X25.6 Y25.9
G01 Z-1 F200 ; Tool Down
G01 X25.6 Y25.9 F500
G01 X25.7 Y26.0 F500
G01 X25.7 Y26.1 F500
G01 X26.0 Y26.4 F500
G01 X26.1 Y26.4 F500
G01 X26.8 Y27.1 F500
G01 X26.6 Y26.9 F500
G01 X26.6 Y26.8 F500
G01 X26.0 Y26.2 F500
G01 X26.0 Y26.1 F500
G01 X25.9 Y26.1 F500
G01 X25.7 Y25.9 F500
G00 Z5 ; Tool Up
G00 X25.7 Y25.6
G01 Z-1 F200 ; Tool Down
G01 X25.7 Y25.6 F500
G01 X25.6 Y25.7 F500
G01 X25.7 Y25.6 F500
G01 X26.0 Y25.9 F500
G01 X26.1 Y25.9 F500
G01 X26.2 Y26.0 F500
G01 X26.3 Y26.0 F500
G01 X26.4 Y26.1 F500
G01 X26.5 Y26.1 F500
G01 X26.6 Y26.2 F500
G01 X26.8 Y26.2 F500
G01 X26.9 Y26.3 F500
G01 X27.0 Y26.3 F500
G01 X27.2 Y26.5 F500
G01 X27.3 Y26.5 F500
G01 X27.2 Y26.5 F500
G01 X27.0 Y26.3 F500
G01 X26.9 Y26.3 F500
G01 X26.7 Y26.1 F500
G01 X26.6 Y26.1 F500
G01 X26.5 Y26.0 F500
G01 X26.4 Y26.0 F500
G01 X26.2 Y25.8 F500
G01 X26.1 Y25.8 F500
G01 X26.0 Y25.7 F500
G01 X25.9 Y25.7 F500
G01 X25.8 Y25.6 F500
G00 Z5 ; Tool Up
G00 X23.9 Y25.6
G01 Z-1 F200 ; Tool Down
G01 X23.9 Y25.6 F500
G01 X23.8 Y25.7 F500
G01 X23.7 Y25.7 F500
G01 X23.6 Y25.8 F500
G01 X23.5 Y25.8 F500
G01 X23.3 Y26.0 F500
G01 X23.2 Y26.0 F500
G01 X23.0 Y26.2 F500
G01 X22.9 Y26.2 F500
G01 X22.7 Y26.4 F500
G01 X22.6 Y26.4 F500
G01 X22.5 Y26.5 F500
G01 X22.6 Y26.4 F500
G01 X22.7 Y26.4 F500
G01 X22.8 Y26.3 F500
G01 X22.9 Y26.3 F500
G01 X23.0 Y26.2 F500
G01 X23.1 Y26.2 F500
G01 X23.2 Y26.1 F500
G01 X23.3 Y26.1 F500
G01 X23.4 Y26.0 F500
G01 X23.5 Y26.0 F500
G01 X23.6 Y25.9 F500
G01 X23.7 Y25.9 F500
G01 X23.9 Y25.7 F500
G01 X24.0 Y25.7 F500
G01 X24.1 Y25.8 F500
G01 X23.8 Y26.1 F500
G01 X23.7 Y26.1 F500
G01 X23.6 Y26.2 F500
G01 X23.6 Y26.3 F500
G01 X23.2 Y26.7 F500
G01 X23.2 Y26.8 F500
G01 X22.8 Y27.2 F500
G01 X23.6 Y26.4 F500
G01 X23.7 Y26.4 F500
G01 X23.9 Y26.2 F500
G01 X24.0 Y26.3 F500
G01 X24.0 Y26.5 F500
G01 X23.9 Y26.6 F500
G01 X23.9 Y26.7 F500
G01 X23.8 Y26.8 F500
G01 X23.8 Y26.9 F500
G01 X23.7 Y27.0 F500
G01 X23.7 Y27.1 F500
G01 X23.6 Y27.2 F500
G01 X23.6 Y27.3 F500
G01 X23.5 Y27.4 F500
G01 X23.6 Y27.3 F500
G01 X23.6 Y27.2 F500
G01 X23.8 Y27.0 F500
G01 X23.8 Y26.9 F500
G01 X24.2 Y26.5 F500
G01 X24.3 Y26.6 F500
G01 X24.3 Y27.2 F500
G01 X24.2 Y27.3 F500
G01 X24.2 Y27.6 F500
G01 X24.1 Y27.7 F500
G01 X24.1 Y27.9 F500
G01 X24.1 Y27.7 F500
G01 X24.2 Y27.6 F500
G01 X24.2 Y27.3 F500
G01 X24.3 Y27.2 F500
G01 X24.3 Y27.0 F500
G01 X24.4 Y26.9 F500
G01 X24.4 Y26.8 F500
G01 X24.5 Y26.7 F500
G01 X24.5 Y26.2 F500
G01 X24.6 Y26.1 F500
G01 X24.7 Y26.1 F500
G01 X24.8 Y26.2 F500
G01 X24.8 Y27.9 F500
G01 X24.8 Y27.4 F500
G01 X24.9 Y27.3 F500
G01 X24.9 Y26.3 F500
G01 X24.8 Y26.2 F500
G01 X24.9 Y26.1 F500
G01 X25.0 Y26.1 F500
G01 X25.1 Y26.2 F500
G01 X25.1 Y26.5 F500
G01 X25.2 Y26.6 F500
G01 X25.2 Y26.8 F500
G01 X25.3 Y26.9 F500
G01 X25.3 Y27.1 F500
G01 X25.4 Y27.2 F500
G01 X25.4 Y27.3 F500
G01 X25.4 Y26.9 F500
G01 X25.3 Y26.8 F500
G01 X25.3 Y26.4 F500
G01 X25.1 Y26.2 F500
G01 X25.1 Y26.1 F500
G01 X24.6 Y26.1 F500
G01 X24.5 Y26.2 F500
G01 X24.5 Y26.3 F500
G01 X24.4 Y26.4 F500
G01 X24.4 Y26.5 F500
G01 X24.3 Y26.6 F500
G01 X24.2 Y26.5 F500
G01 X24.2 Y26.2 F500
G01 X24.4 Y26.0 F500
G01 X24.3 Y26.0 F500
G01 X24.0 Y26.3 F500
G01 X23.9 Y26.2 F500
G01 X23.9 Y26.1 F500
G01 X24.1 Y25.9 F500
G01 X24.1 Y25.8 F500
G00 Z5 ; Tool Up
G00 X37.1 Y25.4
G01 Z-1 F200 ; Tool Down
G01 X37.1 Y25.4 F500
G01 X37.0 Y25.5 F500
G01 X37.9 Y25.5 F500
G01 X37.8 Y25.4 F500
G01 X37.7 Y25.5 F500
G01 X37.2 Y25.5 F500
G00 Z5 ; Tool Up
G00 X25.8 Y25.4
G01 Z-1 F200 ; Tool Down
G01 X25.8 Y25.4 F500
G01 X26.0 Y25.4 F500
G01 X26.2 Y25.6 F500
G01 X26.7 Y25.6 F500
G01 X26.8 Y25.7 F500
G01 X27.2 Y25.7 F500
G01 X27.3 Y25.8 F500
G01 X27.4 Y25.8 F500
G01 X27.3 Y25.8 F500
G01 X27.2 Y25.7 F500
G01 X27.0 Y25.7 F500
G01 X26.9 Y25.6 F500
G01 X26.7 Y25.6 F500
G01 X26.6 Y25.5 F500
G01 X26.4 Y25.5 F500
G01 X26.3 Y25.4 F500
G00 Z5 ; Tool Up
G00 X23.4 Y25.4
G01 Z-1 F200 ; Tool Down
G01 X23.4 Y25.4 F500
G01 X23.3 Y25.5 F500
G01 X23.1 Y25.5 F500
G01 X23.0 Y25.6 F500
G01 X22.8 Y25.6 F500
G01 X22.7 Y25.7 F500
G01 X22.5 Y25.7 F500
G01 X22.4 Y25.8 F500
G01 X22.3 Y25.8 F500
G01 X22.5 Y25.8 F500
G01 X22.6 Y25.7 F500
G01 X23.0 Y25.7 F500
G01 X23.1 Y25.6 F500
G01 X23.4 Y25.6 F500
G01 X23.5 Y25.5 F500
G01 X23.6 Y25.5 F500
G01 X23.7 Y25.4 F500
G01 X23.8 Y25.4 F500
G00 Z5 ; Tool Up
G00 X36.5 Y25.3
G01 Z-1 F200 ; Tool Down
G01 X36.5 Y25.3 F500
G01 X36.3 Y25.5 F500
G01 X36.2 Y25.4 F500
G01 X35.5 Y25.4 F500
G01 X35.4 Y25.5 F500
G01 X36.6 Y25.5 F500
G01 X36.7 Y25.4 F500
G01 X36.6 Y25.4 F500
G00 Z5 ; Tool Up
G00 X13.2 Y25.3
G01 Z-1 F200 ; Tool Down
G01 X13.2 Y25.3 F500
G01 X13.1 Y25.4 F500
G01 X13.0 Y25.4 F500
G01 X13.0 Y25.5 F500
G01 X14.3 Y25.5 F500
G01 X14.2 Y25.4 F500
G01 X13.5 Y25.4 F500
G01 X13.4 Y25.5 F500
G00 Z5 ; Tool Up
G00 X26.3 Y25.0
G01 Z-1 F200 ; Tool Down
G01 X26.3 Y25.0 F500
G01 X26.2 Y25.1 F500
G01 X25.9 Y25.1 F500
G01 X26.1 Y25.1 F500
G01 X26.2 Y25.2 F500
G01 X26.4 Y25.2 F500
G01 X26.5 Y25.1 F500
G01 X27.5 Y25.1 F500
G01 X26.6 Y25.1 F500
G01 X26.5 Y25.0 F500
G00 Z5 ; Tool Up
G00 X23.3 Y25.0
G01 Z-1 F200 ; Tool Down
G01 X23.3 Y25.0 F500
G01 X23.2 Y25.1 F500
G01 X22.2 Y25.1 F500
G01 X23.0 Y25.1 F500
G01 X23.1 Y25.2 F500
G01 X23.5 Y25.2 F500
G01 X23.6 Y25.1 F500
G01 X23.8 Y25.1 F500
G01 X23.4 Y25.1 F500
G00 Z5 ; Tool Up
G00 X32.1 Y24.7
G01 Z-1 F200 ; Tool Down
G01 X32.1 Y24.7 F500
G01 X32.0 Y24.8 F500
G01 X31.9 Y24.8 F500
G01 X31.9 Y24.9 F500
G01 X31.8 Y25.0 F500
G01 X31.8 Y25.3 F500
G01 X31.9 Y25.4 F500
G01 X31.9 Y25.5 F500
G01 X32.2 Y25.8 F500
G01 X33.0 Y25.8 F500
G01 X33.1 Y25.7 F500
G01 X33.2 Y25.7 F500
G01 X33.3 Y25.6 F500
G01 X33.3 Y25.4 F500
G01 X33.4 Y25.3 F500
G01 X33.0 Y25.7 F500
G01 X32.6 Y25.7 F500
G01 X32.4 Y25.5 F500
G01 X32.4 Y25.4 F500
G01 X32.3 Y25.3 F500
G01 X32.3 Y25.2 F500
G01 X32.5 Y25.0 F500
G01 X32.5 Y24.9 F500
G01 X32.3 Y24.7 F500
G00 Z5 ; Tool Up
G00 X17.3 Y24.6
G01 Z-1 F200 ; Tool Down
G01 X17.3 Y24.6 F500
G01 X17.3 Y24.7 F500
G01 X17.2 Y24.8 F500
G01 X17.2 Y24.9 F500
G01 X17.3 Y25.0 F500
G01 X17.3 Y25.4 F500
G01 X17.2 Y25.5 F500
G01 X17.1 Y25.5 F500
G01 X17.0 Y25.6 F500
G01 X16.7 Y25.6 F500
G01 X16.6 Y25.5 F500
G01 X16.5 Y25.5 F500
G01 X16.3 Y25.3 F500
G01 X16.5 Y25.5 F500
G01 X16.5 Y25.6 F500
G01 X16.6 Y25.7 F500
G01 X16.9 Y25.7 F500
G01 X17.0 Y25.8 F500
G01 X17.1 Y25.7 F500
G01 X17.5 Y25.7 F500
G01 X17.7 Y25.5 F500
G01 X17.7 Y25.4 F500
G01 X17.8 Y25.3 F500
G01 X17.8 Y24.8 F500
G01 X17.6 Y24.6 F500
G00 Z5 ; Tool Up
G00 X15.6 Y24.5
G01 Z-1 F200 ; Tool Down
G01 X15.6 Y24.5 F500
G01 X15.9 Y24.5 F500
G01 X16.1 Y24.7 F500
G01 X16.1 Y24.8 F500
G01 X16.1 Y24.7 F500
G01 X15.9 Y24.5 F500
G00 Z5 ; Tool Up
G00 X29.5 Y24.4
G01 Z-1 F200 ; Tool Down
G01 X29.5 Y24.4 F500
G01 X29.5 Y24.6 F500
G01 X29.6 Y24.7 F500
G01 X29.6 Y25.5 F500
G01 X29.5 Y25.6 F500
G01 X29.5 Y25.7 F500
G01 X29.5 Y25.6 F500
G01 X29.6 Y25.5 F500
G01 X29.7 Y25.5 F500
G01 X29.8 Y25.6 F500
G01 X29.8 Y25.8 F500
G01 X29.8 Y25.6 F500
G01 X29.7 Y25.5 F500
G01 X29.7 Y24.7 F500
G01 X29.8 Y24.6 F500
G01 X29.8 Y24.4 F500
G01 X29.8 Y24.5 F500
G01 X29.7 Y24.6 F500
G01 X29.6 Y24.6 F500
G01 X29.5 Y24.5 F500
G00 Z5 ; Tool Up
G00 X22.2 Y24.4
G01 Z-1 F200 ; Tool Down
G01 X22.2 Y24.4 F500
G01 X22.4 Y24.4 F500
G01 X22.5 Y24.5 F500
G01 X22.7 Y24.5 F500
G01 X22.8 Y24.6 F500
G01 X23.0 Y24.6 F500
G01 X23.1 Y24.7 F500
G01 X23.2 Y24.7 F500
G01 X23.3 Y24.8 F500
G01 X23.8 Y24.8 F500
G01 X23.7 Y24.8 F500
G01 X23.6 Y24.7 F500
G01 X23.5 Y24.7 F500
G01 X23.4 Y24.6 F500
G01 X23.0 Y24.6 F500
G01 X22.9 Y24.5 F500
G01 X22.5 Y24.5 F500
G01 X22.4 Y24.4 F500
G00 Z5 ; Tool Up
G00 X19.9 Y24.4
G01 Z-1 F200 ; Tool Down
G01 X19.9 Y24.4 F500
G01 X19.9 Y24.6 F500
G01 X20.0 Y24.7 F500
G01 X20.0 Y25.5 F500
G01 X19.9 Y25.6 F500
G01 X19.9 Y25.7 F500
G01 X19.9 Y25.6 F500
G01 X20.0 Y25.5 F500
G01 X20.1 Y25.5 F500
G01 X20.2 Y25.6 F500
G01 X20.2 Y25.8 F500
G01 X20.2 Y25.6 F500
G01 X20.1 Y25.5 F500
G01 X20.1 Y24.7 F500
G01 X20.2 Y24.6 F500
G01 X20.2 Y24.4 F500
G01 X20.2 Y24.5 F500
G01 X20.1 Y24.6 F500
G01 X20.0 Y24.6 F500
G01 X19.9 Y24.5 F500
G00 Z5 ; Tool Up
G00 X25.7 Y23.9
G01 Z-1 F200 ; Tool Down
G01 X25.7 Y23.9 F500
G01 X25.8 Y24.0 F500
G01 X25.8 Y24.1 F500
G01 X25.5 Y24.4 F500
G01 X25.4 Y24.3 F500
G01 X25.4 Y24.2 F500
G00 Z5 ; Tool Up
G00 X22.3 Y23.6
G01 Z-1 F200 ; Tool Down
G01 X22.3 Y23.6 F500
G01 X22.4 Y23.7 F500
G01 X22.5 Y23.7 F500
G01 X22.7 Y23.9 F500
G01 X22.8 Y23.9 F500
G01 X23.0 Y24.1 F500
G01 X23.1 Y24.1 F500
G01 X23.4 Y24.4 F500
G01 X23.5 Y24.4 F500
G01 X23.6 Y24.5 F500
G01 X23.8 Y24.5 F500
G01 X23.9 Y24.6 F500
G01 X24.0 Y24.6 F500
G01 X23.9 Y24.6 F500
G01 X23.8 Y24.5 F500
G01 X23.8 Y24.4 F500
G01 X23.7 Y24.4 F500
G01 X23.6 Y24.3 F500
G01 X23.5 Y24.3 F500
G01 X23.4 Y24.2 F500
G01 X23.3 Y24.2 F500
G01 X23.2 Y24.1 F500
G01 X23.1 Y24.1 F500
G01 X23.0 Y24.0 F500
G01 X22.9 Y24.0 F500
G01 X22.8 Y23.9 F500
G01 X22.7 Y23.9 F500
G01 X22.5 Y23.7 F500
G01 X22.4 Y23.7 F500
G00 Z5 ; Tool Up
G00 X22.8 Y23.0
G01 Z-1 F200 ; Tool Down
G01 X22.8 Y23.0 F500
G01 X23.3 Y23.5 F500
G01 X23.3 Y23.6 F500
G01 X23.6 Y23.9 F500
G01 X23.6 Y24.0 F500
G01 X23.8 Y24.2 F500
G01 X23.9 Y24.2 F500
G01 X24.1 Y24.4 F500
G01 X24.1 Y24.3 F500
G01 X23.9 Y24.1 F500
G01 X23.9 Y24.0 F500
G01 X23.7 Y23.8 F500
G01 X23.6 Y23.8 F500
G00 Z5 ; Tool Up
G00 X25.4 Y22.9
G01 Z-1 F200 ; Tool Down
G01 X25.4 Y22.9 F500
G01 X25.4 Y23.1 F500
G01 X25.3 Y23.2 F500
G01 X25.3 Y23.3 F500
G01 X25.2 Y23.4 F500
G01 X25.2 Y23.6 F500
G01 X25.1 Y23.7 F500
G01 X25.1 Y24.1 F500
G01 X25.1 Y24.0 F500
G01 X25.3 Y23.8 F500
G01 X25.3 Y23.4 F500
G01 X25.4 Y23.3 F500
G00 Z5 ; Tool Up
G00 X23.6 Y22.9
G01 Z-1 F200 ; Tool Down
G01 X23.6 Y22.9 F500
G01 X23.6 Y23.0 F500
G01 X23.7 Y23.1 F500
G01 X23.7 Y23.2 F500
G01 X23.8 Y23.3 F500
G01 X23.8 Y23.4 F500
G01 X23.9 Y23.5 F500
G01 X23.9 Y23.6 F500
G01 X24.0 Y23.7 F500
G01 X24.0 Y23.8 F500
G01 X24.1 Y23.9 F500
G01 X24.1 Y24.0 F500
G01 X24.3 Y24.2 F500
G01 X24.3 Y24.1 F500
G01 X24.2 Y24.0 F500
G01 X24.2 Y23.7 F500
G01 X23.8 Y23.3 F500
G01 X23.8 Y23.2 F500
G01 X23.7 Y23.1 F500
G01 X23.7 Y23.0 F500
G00 Z5 ; Tool Up
G00 X26.2 Y22.8
G01 Z-1 F200 ; Tool Down
G01 X26.2 Y22.8 F500
G01 X26.1 Y22.9 F500
G01 X26.1 Y23.0 F500
G01 X25.9 Y23.2 F500
G01 X25.9 Y23.3 F500
G01 X25.6 Y23.6 F500
G01 X25.6 Y23.7 F500
G01 X25.5 Y23.8 F500
G01 X25.5 Y24.0 F500
G01 X25.4 Y24.1 F500
G01 X25.4 Y24.3 F500
G01 X25.5 Y24.4 F500
G01 X25.6 Y24.4 F500
G01 X25.8 Y24.2 F500
G01 X25.9 Y24.2 F500
G01 X26.0 Y24.3 F500
G01 X25.7 Y24.6 F500
G01 X25.7 Y24.7 F500
G01 X25.8 Y24.8 F500
G01 X25.8 Y24.9 F500
G01 X25.9 Y24.8 F500
G01 X26.4 Y24.8 F500
G01 X26.5 Y24.7 F500
G01 X26.6 Y24.7 F500
G01 X26.7 Y24.6 F500
G01 X26.9 Y24.6 F500
G01 X27.0 Y24.5 F500
G01 X27.2 Y24.5 F500
G01 X27.3 Y24.4 F500
G01 X27.4 Y24.4 F500
G01 X27.2 Y24.4 F500
G01 X27.1 Y24.5 F500
G01 X26.8 Y24.5 F500
G01 X26.7 Y24.6 F500
G01 X26.3 Y24.6 F500
G01 X26.2 Y24.7 F500
G01 X26.1 Y24.7 F500
G01 X26.0 Y24.8 F500
G01 X25.8 Y24.8 F500
G01 X25.7 Y24.7 F500
G01 X25.9 Y24.5 F500
G01 X26.1 Y24.5 F500
G01 X26.4 Y24.2 F500
G01 X26.5 Y24.2 F500
G01 X26.6 Y24.1 F500
G01 X26.7 Y24.1 F500
G01 X26.9 Y23.9 F500
G01 X27.0 Y23.9 F500
G01 X27.2 Y23.7 F500
G01 X27.3 Y23.7 F500
G01 X27.2 Y23.7 F500
G01 X27.0 Y23.9 F500
G01 X26.9 Y23.9 F500
G01 X26.8 Y24.0 F500
G01 X26.7 Y24.0 F500
G01 X26.6 Y24.1 F500
G01 X26.5 Y24.1 F500
G01 X26.4 Y24.2 F500
G01 X26.3 Y24.2 F500
G01 X26.2 Y24.3 F500
G01 X26.0 Y24.3 F500
G01 X25.9 Y24.2 F500
G01 X26.2 Y23.9 F500
G01 X26.2 Y23.8 F500
G01 X26.9 Y23.1 F500
G01 X26.4 Y23.6 F500
G01 X26.3 Y23.6 F500
G01 X25.9 Y24.0 F500
G01 X25.8 Y24.0 F500
G01 X25.7 Y23.9 F500
G01 X25.7 Y23.7 F500
G01 X25.8 Y23.6 F500
G01 X25.8 Y23.5 F500
G01 X25.9 Y23.4 F500
G01 X25.9 Y23.3 F500
G01 X26.0 Y23.2 F500
G01 X26.0 Y23.1 F500
G01 X26.2 Y22.9 F500
G00 Z5 ; Tool Up
G00 X29.4 Y22.7
G01 Z-1 F200 ; Tool Down
G01 X29.4 Y22.7 F500
G01 X29.3 Y22.8 F500
G01 X29.1 Y22.8 F500
G01 X29.1 Y22.9 F500
G01 X29.2 Y23.0 F500
G01 X29.2 Y23.1 F500
G01 X29.1 Y23.2 F500
G01 X29.0 Y23.2 F500
G01 X29.1 Y23.2 F500
G01 X29.2 Y23.1 F500
G01 X29.3 Y23.1 F500
G01 X29.4 Y23.0 F500
G01 X29.5 Y23.0 F500
G01 X29.4 Y23.0 F500
G01 X29.3 Y23.1 F500
G01 X29.2 Y23.0 F500
G01 X29.2 Y22.9 F500
G00 Z5 ; Tool Up
G00 X31.8 Y22.6
G01 Z-1 F200 ; Tool Down
G01 X31.8 Y22.6 F500
G01 X31.6 Y22.8 F500
G01 X31.6 Y22.9 F500
G01 X31.5 Y23.0 F500
G01 X31.6 Y23.1 F500
G01 X31.6 Y23.3 F500
G01 X31.7 Y23.4 F500
G01 X31.7 Y23.5 F500
G01 X31.8 Y23.6 F500
G01 X31.9 Y23.6 F500
G01 X32.0 Y23.7 F500
G01 X32.6 Y23.7 F500
G01 X32.8 Y23.5 F500
G01 X32.9 Y23.5 F500
G01 X32.9 Y23.4 F500
G01 X33.0 Y23.3 F500
G01 X33.0 Y23.2 F500
G01 X33.1 Y23.1 F500
G01 X33.1 Y22.9 F500
G01 X33.1 Y23.0 F500
G01 X33.0 Y23.1 F500
G01 X33.0 Y23.2 F500
G01 X32.9 Y23.3 F500
G01 X32.8 Y23.3 F500
G01 X32.7 Y23.4 F500
G01 X32.3 Y23.4 F500
G01 X32.1 Y23.2 F500
G01 X32.1 Y22.8 F500
G01 X31.9 Y22.6 F500
G00 Z5 ; Tool Up
G00 X20.3 Y22.6
G01 Z-1 F200 ; Tool Down
G01 X20.3 Y22.6 F500
G01 X20.4 Y22.6 F500
G01 X20.5 Y22.7 F500
G01 X20.5 Y22.8 F500
G01 X20.4 Y22.9 F500
G01 X20.2 Y22.9 F500
G01 X20.1 Y23.0 F500
G01 X20.2 Y23.1 F500
G01 X20.3 Y23.1 F500
G01 X20.3 Y23.0 F500
G01 X20.4 Y22.9 F500
G01 X20.5 Y22.9 F500
G01 X20.6 Y22.8 F500
G01 X20.7 Y22.9 F500
G01 X20.8 Y22.9 F500
G01 X20.8 Y22.8 F500
G01 X20.7 Y22.8 F500
G01 X20.6 Y22.7 F500
G01 X20.5 Y22.7 F500
G01 X20.4 Y22.6 F500
G00 Z5 ; Tool Up
G00 X17.8 Y22.5
G01 Z-1 F200 ; Tool Down
G01 X17.8 Y22.5 F500
G01 X17.6 Y22.7 F500
G01 X17.6 Y23.1 F500
G01 X17.4 Y23.3 F500
G01 X17.0 Y23.3 F500
G01 X16.9 Y23.2 F500
G01 X16.8 Y23.2 F500
G01 X16.6 Y23.0 F500
G01 X16.6 Y22.9 F500
G01 X16.6 Y23.1 F500
G01 X16.7 Y23.2 F500
G01 X16.7 Y23.3 F500
G01 X16.8 Y23.3 F500
G01 X17.0 Y23.5 F500
G01 X17.1 Y23.5 F500
G01 X17.2 Y23.6 F500
G01 X17.7 Y23.6 F500
G01 X17.9 Y23.4 F500
G01 X18.0 Y23.4 F500
G01 X18.1 Y23.3 F500
G01 X18.1 Y22.6 F500
G01 X17.9 Y22.6 F500
G00 Z5 ; Tool Up
G00 X29.1 Y22.4
G01 Z-1 F200 ; Tool Down
G01 X29.1 Y22.4 F500
G01 X28.9 Y22.6 F500
G01 X28.8 Y22.5 F500
G01 X28.8 Y22.6 F500
G01 X28.9 Y22.6 F500
G01 X29.0 Y22.5 F500
G01 X29.1 Y22.5 F500
G01 X29.2 Y22.4 F500
G01 X29.3 Y22.5 F500
G01 X29.2 Y22.4 F500
G00 Z5 ; Tool Up
G00 X24.8 Y22.1
G01 Z-1 F200 ; Tool Down
G01 X24.8 Y22.1 F500
G01 X24.8 Y23.5 F500
G01 X24.6 Y23.7 F500
G01 X24.5 Y23.6 F500
G01 X24.5 Y23.5 F500
G01 X24.4 Y23.4 F500
G01 X24.4 Y23.2 F500
G01 X24.3 Y23.1 F500
G01 X24.3 Y22.9 F500
G01 X24.2 Y22.8 F500
G01 X24.2 Y22.5 F500
G01 X24.1 Y22.4 F500
G01 X24.1 Y22.2 F500
G01 X24.1 Y22.4 F500
G01 X24.2 Y22.5 F500
G01 X24.2 Y22.8 F500
G01 X24.3 Y22.9 F500
G01 X24.3 Y23.3 F500
G01 X24.4 Y23.4 F500
G01 X24.4 Y23.8 F500
G01 X24.5 Y23.9 F500
G01 X24.5 Y24.0 F500
G01 X24.6 Y24.1 F500
G01 X24.5 Y24.2 F500
G01 X24.6 Y24.1 F500
G01 X24.6 Y23.7 F500
G01 X24.7 Y23.6 F500
G01 X24.8 Y23.7 F500
G01 X24.8 Y24.1 F500
G01 X24.8 Y24.0 F500
G01 X24.9 Y23.9 F500
G01 X24.9 Y23.1 F500
G01 X24.8 Y23.0 F500
G00 Z5 ; Tool Up
G00 X20.7 Y22.0
G01 Z-1 F200 ; Tool Down
G01 X20.7 Y22.0 F500
G01 X20.6 Y22.1 F500
G01 X20.8 Y22.1 F500
G01 X20.9 Y22.2 F500
G01 X20.8 Y22.3 F500
G01 X20.5 Y22.3 F500
G01 X20.6 Y22.3 F500
G01 X20.7 Y22.4 F500
G01 X20.7 Y22.5 F500
G01 X20.8 Y22.5 F500
G01 X20.8 Y22.3 F500
G01 X20.9 Y22.2 F500
G01 X21.0 Y22.2 F500
G01 X21.1 Y22.3 F500
G01 X20.9 Y22.1 F500
G01 X20.8 Y22.1 F500
G00 Z5 ; Tool Up
G00 X28.7 Y21.7
G01 Z-1 F200 ; Tool Down
G01 X28.7 Y21.7 F500
G01 X28.4 Y22.0 F500
G01 X28.4 Y22.1 F500
G01 X28.5 Y22.2 F500
G01 X28.6 Y22.2 F500
G01 X28.7 Y22.3 F500
G01 X28.7 Y22.2 F500
G01 X28.5 Y22.2 F500
G01 X28.4 Y22.1 F500
G01 X28.4 Y22.0 F500
G01 X28.5 Y21.9 F500
G01 X28.6 Y21.9 F500
G01 X28.7 Y21.8 F500
G01 X28.8 Y21.8 F500
G00 Z5 ; Tool Up
G00 X21.2 Y21.2
G01 Z-1 F200 ; Tool Down
G01 X21.2 Y21.2 F500
G01 X21.2 Y21.3 F500
G01 X21.6 Y21.7 F500
G01 X21.7 Y21.7 F500
G01 X21.3 Y21.3 F500
G01 X21.4 Y21.2 F500
G01 X21.3 Y21.3 F500
G00 Z5 ; Tool Up
G00 X27.7 Y21.1
G01 Z-1 F200 ; Tool Down
G01 X27.7 Y21.1 F500
G01 X27.7 Y21.5 F500
G01 X27.7 Y21.4 F500
G01 X27.8 Y21.3 F500
G01 X27.9 Y21.3 F500
G01 X28.1 Y21.5 F500
G01 X27.9 Y21.7 F500
G01 X28.3 Y21.3 F500
G01 X28.5 Y21.5 F500
G01 X28.2 Y21.8 F500
G01 X28.2 Y21.9 F500
G01 X28.5 Y21.6 F500
G01 X28.5 Y21.5 F500
G01 X28.3 Y21.3 F500
G01 X28.1 Y21.5 F500
G01 X27.9 Y21.3 F500
G01 X27.9 Y21.2 F500
G01 X28.0 Y21.1 F500
G01 X28.1 Y21.1 F500
G01 X28.0 Y21.1 F500
G01 X27.9 Y21.2 F500
G01 X27.8 Y21.2 F500
G00 Z5 ; Tool Up
G00 X21.5 Y20.9
G01 Z-1 F200 ; Tool Down
G01 X21.5 Y20.9 F500
G01 X21.6 Y21.0 F500
G01 X21.8 Y21.0 F500
G01 X22.0 Y21.2 F500
G01 X22.0 Y21.3 F500
G01 X21.9 Y21.4 F500
G01 X21.8 Y21.4 F500
G01 X21.7 Y21.3 F500
G01 X21.7 Y21.2 F500
G01 X21.7 Y21.4 F500
G01 X21.9 Y21.4 F500
G01 X22.0 Y21.3 F500
G01 X22.1 Y21.3 F500
G01 X22.1 Y21.2 F500
G01 X21.8 Y20.9 F500
G00 Z5 ; Tool Up
G00 X30.8 Y20.7
G01 Z-1 F200 ; Tool Down
G01 X30.8 Y20.7 F500
G01 X30.6 Y20.9 F500
G01 X30.6 Y21.2 F500
G01 X31.0 Y21.6 F500
G01 X31.1 Y21.6 F500
G01 X31.2 Y21.7 F500
G01 X31.3 Y21.7 F500
G01 X31.4 Y21.6 F500
G01 X31.6 Y21.6 F500
G01 X31.7 Y21.5 F500
G01 X31.8 Y21.5 F500
G01 X32.1 Y21.2 F500
G01 X32.1 Y20.7 F500
G01 X32.1 Y20.9 F500
G01 X32.0 Y21.0 F500
G01 X32.0 Y21.1 F500
G01 X31.9 Y21.2 F500
G01 X31.8 Y21.2 F500
G01 X31.7 Y21.3 F500
G01 X31.4 Y21.3 F500
G01 X31.2 Y21.1 F500
G01 X31.2 Y20.9 F500
G01 X31.0 Y20.7 F500
G00 Z5 ; Tool Up
G00 X18.6 Y20.7
G01 Z-1 F200 ; Tool Down
G01 X18.6 Y20.7 F500
G01 X18.5 Y20.8 F500
G01 X18.5 Y21.1 F500
G01 X18.2 Y21.4 F500
G01 X18.1 Y21.4 F500
G01 X18.0 Y21.3 F500
G01 X17.9 Y21.3 F500
G01 X17.7 Y21.1 F500
G01 X17.7 Y21.0 F500
G01 X17.6 Y20.9 F500
G01 X17.6 Y20.8 F500
G01 X17.5 Y20.8 F500
G01 X17.5 Y20.9 F500
G01 X17.6 Y21.0 F500
G01 X17.6 Y21.2 F500
G01 X17.9 Y21.5 F500
G01 X18.0 Y21.5 F500
G01 X18.1 Y21.6 F500
G01 X18.6 Y21.6 F500
G01 X18.7 Y21.5 F500
G01 X18.8 Y21.5 F500
G01 X19.0 Y21.3 F500
G01 X19.0 Y20.8 F500
G01 X18.9 Y20.7 F500
G00 Z5 ; Tool Up
G00 X13.3 Y20.5
G01 Z-1 F200 ; Tool Down
G01 X13.3 Y20.5 F500
G01 X13.4 Y20.4 F500
G01 X13.6 Y20.4 F500
G01 X13.8 Y20.6 F500
G01 X13.8 Y20.7 F500
G01 X13.7 Y20.8 F500
G01 X13.5 Y20.8 F500
G01 X13.3 Y20.6 F500
G00 Z5 ; Tool Up
G00 X22.6 Y20.4
G01 Z-1 F200 ; Tool Down
G01 X22.6 Y20.4 F500
G01 X22.5 Y20.5 F500
G01 X22.4 Y20.5 F500
G01 X22.3 Y20.6 F500
G01 X22.6 Y20.9 F500
G01 X22.6 Y20.8 F500
G01 X22.4 Y20.6 F500
G01 X22.6 Y20.4 F500
G01 X22.8 Y20.6 F500
G01 X22.8 Y20.7 F500
G01 X22.9 Y20.8 F500
G01 X22.9 Y20.9 F500
G01 X22.9 Y20.8 F500
G01 X22.8 Y20.7 F500
G01 X22.8 Y20.6 F500
G01 X22.7 Y20.5 F500
G01 X22.7 Y20.4 F500
G00 Z5 ; Tool Up
G00 X36.3 Y20.3
G01 Z-1 F200 ; Tool Down
G01 X36.3 Y20.3 F500
G01 X36.4 Y20.2 F500
G01 X36.7 Y20.2 F500
G01 X36.8 Y20.3 F500
G01 X36.7 Y20.4 F500
G01 X36.7 Y20.5 F500
G01 X36.5 Y20.7 F500
G01 X36.4 Y20.6 F500
G01 X36.4 Y20.5 F500
G01 X36.3 Y20.4 F500
G00 Z5 ; Tool Up
G00 X25.8 Y20.0
G01 Z-1 F200 ; Tool Down
G01 X25.8 Y20.0 F500
G01 X25.9 Y20.1 F500
G01 X25.9 Y20.4 F500
G01 X25.9 Y20.2 F500
G01 X26.0 Y20.1 F500
G01 X26.1 Y20.1 F500
G01 X26.2 Y20.2 F500
G01 X26.2 Y20.3 F500
G01 X26.1 Y20.4 F500
G01 X26.2 Y20.5 F500
G01 X26.1 Y20.6 F500
G01 X26.1 Y20.7 F500
G01 X26.1 Y20.6 F500
G01 X26.2 Y20.5 F500
G01 X26.2 Y20.3 F500
G01 X26.3 Y20.2 F500
G01 X26.4 Y20.2 F500
G01 X26.5 Y20.3 F500
G01 X26.5 Y20.4 F500
G01 X26.4 Y20.5 F500
G01 X26.4 Y20.7 F500
G01 X26.4 Y20.6 F500
G01 X26.5 Y20.5 F500
G01 X26.5 Y20.4 F500
G01 X26.6 Y20.3 F500
G01 X26.6 Y20.1 F500
G01 X26.7 Y20.0 F500
G01 X26.8 Y20.0 F500
G01 X27.0 Y20.2 F500
G01 X27.0 Y20.3 F500
G01 X26.9 Y20.4 F500
G01 X26.8 Y20.4 F500
G01 X26.8 Y20.5 F500
G01 X26.9 Y20.4 F500
G01 X27.0 Y20.4 F500
G01 X27.1 Y20.5 F500
G01 X27.1 Y20.6 F500
G01 X27.0 Y20.7 F500
G01 X27.0 Y20.8 F500
G01 X26.9 Y20.9 F500
G01 X26.9 Y21.0 F500
G01 X27.0 Y20.9 F500
G01 X27.0 Y20.7 F500
G01 X27.2 Y20.5 F500
G01 X27.0 Y20.3 F500
G01 X27.0 Y20.2 F500
G01 X26.8 Y20.0 F500
G01 X26.6 Y20.0 F500
G01 X26.6 Y20.1 F500
G01 X26.5 Y20.2 F500
G01 X26.3 Y20.2 F500
G01 X26.2 Y20.1 F500
G01 X25.9 Y20.1 F500
G00 Z5 ; Tool Up
G00 X23.8 Y20.0
G01 Z-1 F200 ; Tool Down
G01 X23.8 Y20.0 F500
G01 X23.9 Y20.1 F500
G01 X23.9 Y20.4 F500
G01 X24.0 Y20.5 F500
G01 X24.0 Y20.6 F500
G01 X24.0 Y20.5 F500
G01 X23.9 Y20.4 F500
G01 X23.9 Y20.0 F500
G00 Z5 ; Tool Up
G00 X35.2 Y19.6
G01 Z-1 F200 ; Tool Down
G01 X35.2 Y19.6 F500
G01 X35.4 Y19.6 F500
G01 X35.5 Y19.7 F500
G01 X35.5 Y19.8 F500
G01 X35.3 Y20.0 F500
G01 X35.2 Y20.0 F500
G01 X35.0 Y19.8 F500
G00 Z5 ; Tool Up
G00 X32.1 Y19.7
G01 Z-1 F200 ; Tool Down
G01 X32.1 Y19.7 F500
G01 X32.1 Y19.8 F500
G01 X32.0 Y19.9 F500
G01 X32.0 Y20.0 F500
G01 X32.0 Y19.9 F500
G01 X32.1 Y19.8 F500
G00 Z5 ; Tool Up
G00 X25.0 Y19.7
G01 Z-1 F200 ; Tool Down
G01 X25.0 Y19.7 F500
G01 X25.3 Y20.0 F500
G01 X25.2 Y20.1 F500
G01 X25.1 Y20.1 F500
G01 X25.0 Y20.2 F500
G01 X25.0 Y20.3 F500
G01 X25.0 Y20.2 F500
G01 X25.1 Y20.1 F500
G01 X25.2 Y20.1 F500
G01 X25.3 Y20.2 F500
G01 X25.3 Y20.3 F500
G01 X25.2 Y20.4 F500
G01 X25.3 Y20.5 F500
G01 X25.3 Y20.3 F500
G01 X25.4 Y20.2 F500
G01 X25.5 Y20.2 F500
G01 X25.6 Y20.3 F500
G01 X25.5 Y20.4 F500
G01 X25.6 Y20.3 F500
G01 X25.4 Y20.1 F500
G01 X25.4 Y20.0 F500
G01 X25.2 Y19.8 F500
G01 X25.1 Y19.8 F500
G00 Z5 ; Tool Up
G00 X23.7 Y19.5
G01 Z-1 F200 ; Tool Down
G01 X23.7 Y19.5 F500
G01 X23.8 Y19.4 F500
G01 X25.9 Y19.4 F500
G01 X26.0 Y19.5 F500
G01 X26.3 Y19.5 F500
G01 X26.4 Y19.6 F500
G01 X26.6 Y19.6 F500
G01 X26.7 Y19.7 F500
G01 X26.8 Y19.7 F500
G01 X26.9 Y19.8 F500
G01 X27.1 Y19.8 F500
G01 X27.2 Y19.9 F500
G01 X27.3 Y19.9 F500
G01 X27.4 Y20.0 F500
G01 X27.5 Y20.0 F500
G01 X27.6 Y20.1 F500
G01 X27.7 Y20.1 F500
G01 X27.8 Y20.2 F500
G01 X27.9 Y20.2 F500
G01 X28.2 Y20.5 F500
G01 X28.3 Y20.5 F500
G01 X28.8 Y21.0 F500
G01 X28.9 Y21.0 F500
G01 X29.1 Y21.2 F500
G01 X29.1 Y21.3 F500
G01 X29.5 Y21.7 F500
G01 X29.5 Y21.8 F500
G01 X29.7 Y22.0 F500
G01 X29.7 Y22.1 F500
G01 X29.9 Y22.3 F500
G01 X29.9 Y22.4 F500
G01 X30.0 Y22.5 F500
G01 X30.0 Y22.6 F500
G01 X30.1 Y22.7 F500
G01 X30.1 Y22.8 F500
G01 X30.2 Y22.9 F500
G01 X30.2 Y23.1 F500
G01 X30.3 Y23.2 F500
G01 X30.3 Y23.3 F500
G01 X30.4 Y23.4 F500
G01 X30.4 Y23.8 F500
G01 X30.5 Y23.9 F500
G01 X30.5 Y24.2 F500
G01 X30.6 Y24.3 F500
G01 X30.6 Y26.0 F500
G01 X30.5 Y26.1 F500
G01 X30.5 Y26.4 F500
G01 X30.4 Y26.5 F500
G01 X30.4 Y26.8 F500
G01 X30.3 Y26.9 F500
G01 X30.3 Y27.1 F500
G01 X30.2 Y27.2 F500
G01 X30.2 Y27.4 F500
G01 X30.1 Y27.5 F500
G01 X30.1 Y27.6 F500
G01 X30.0 Y27.7 F500
G01 X30.0 Y27.8 F500
G01 X29.9 Y27.9 F500
G01 X29.9 Y28.0 F500
G01 X29.7 Y28.2 F500
G01 X29.7 Y28.3 F500
G01 X29.5 Y28.5 F500
G01 X29.5 Y28.6 F500
G01 X28.3 Y29.8 F500
G01 X28.2 Y29.8 F500
G01 X28.0 Y30.0 F500
G01 X27.9 Y30.0 F500
G01 X27.7 Y30.2 F500
G01 X27.6 Y30.2 F500
G01 X27.5 Y30.3 F500
G01 X27.4 Y30.3 F500
G01 X27.3 Y30.4 F500
G01 X27.2 Y30.4 F500
G01 X27.1 Y30.5 F500
G01 X26.9 Y30.5 F500
G01 X26.8 Y30.6 F500
G01 X26.7 Y30.6 F500
G01 X26.6 Y30.7 F500
G01 X26.3 Y30.7 F500
G01 X26.2 Y30.8 F500
G01 X25.8 Y30.8 F500
G01 X25.7 Y30.9 F500
G01 X24.0 Y30.9 F500
G01 X23.9 Y30.8 F500
G01 X23.5 Y30.8 F500
G01 X23.4 Y30.7 F500
G01 X23.1 Y30.7 F500
G01 X23.0 Y30.6 F500
G01 X22.9 Y30.6 F500
G01 X22.8 Y30.5 F500
G01 X22.6 Y30.5 F500
G01 X22.5 Y30.4 F500
G01 X22.4 Y30.4 F500
G01 X22.3 Y30.3 F500
G01 X22.2 Y30.3 F500
G01 X22.1 Y30.2 F500
G01 X22.0 Y30.2 F500
G01 X21.8 Y30.0 F500
G01 X21.7 Y30.0 F500
G01 X21.6 Y29.9 F500
G01 X21.5 Y29.9 F500
G01 X20.8 Y29.2 F500
G01 X20.7 Y29.2 F500
G01 X20.6 Y29.1 F500
G01 X20.6 Y29.0 F500
G01 X20.2 Y28.6 F500
G01 X20.2 Y28.5 F500
G01 X19.9 Y28.2 F500
G01 X19.9 Y28.1 F500
G01 X19.8 Y28.0 F500
G01 X19.8 Y27.9 F500
G01 X19.7 Y27.8 F500
G01 X19.7 Y27.7 F500
G01 X19.6 Y27.6 F500
G01 X19.6 Y27.5 F500
G01 X19.5 Y27.4 F500
G01 X19.5 Y27.3 F500
G01 X19.4 Y27.2 F500
G01 X19.4 Y27.0 F500
G01 X19.3 Y26.9 F500
G01 X19.3 Y26.6 F500
G01 X19.2 Y26.5 F500
G01 X19.2 Y26.2 F500
G01 X19.1 Y26.1 F500
G01 X19.1 Y24.2 F500
G01 X19.2 Y24.1 F500
G01 X19.2 Y23.8 F500
G01 X19.3 Y23.7 F500
G01 X19.3 Y23.4 F500
G01 X19.4 Y23.3 F500
G01 X19.4 Y23.1 F500
G01 X19.5 Y23.0 F500
G01 X19.5 Y22.9 F500
G01 X19.6 Y22.8 F500
G01 X19.6 Y22.7 F500
G01 X19.7 Y22.6 F500
G01 X19.7 Y22.5 F500
G01 X19.8 Y22.4 F500
G01 X19.8 Y22.3 F500
G01 X19.9 Y22.2 F500
G01 X19.9 Y22.1 F500
G01 X20.2 Y21.8 F500
G01 X20.2 Y21.7 F500
G01 X20.6 Y21.3 F500
G01 X20.6 Y21.2 F500
G01 X20.8 Y21.0 F500
G01 X20.9 Y21.0 F500
G01 X21.0 Y20.9 F500
G01 X21.0 Y20.8 F500
G01 X21.1 Y20.7 F500
G01 X21.2 Y20.7 F500
G01 X21.5 Y20.4 F500
G01 X21.6 Y20.4 F500
G01 X21.8 Y20.2 F500
G01 X21.9 Y20.2 F500
G01 X22.0 Y20.1 F500
G01 X22.1 Y20.1 F500
G01 X22.3 Y19.9 F500
G01 X22.5 Y19.9 F500
G01 X22.6 Y19.8 F500
G01 X22.7 Y19.8 F500
G01 X22.8 Y19.7 F500
G01 X23.0 Y19.7 F500
G01 X23.1 Y19.6 F500
G01 X23.3 Y19.6 F500
G01 X23.4 Y19.5 F500
G00 Z5 ; Tool Up
G00 X24.4 Y19.3
G01 Z-1 F200 ; Tool Down
G01 X24.4 Y19.3 F500
G01 X24.3 Y19.4 F500
G01 X23.8 Y19.4 F500
G01 X23.7 Y19.5 F500
G01 X23.4 Y19.5 F500
G01 X23.3 Y19.6 F500
G01 X23.0 Y19.6 F500
G01 X22.9 Y19.7 F500
G01 X22.7 Y19.7 F500
G01 X22.6 Y19.8 F500
G01 X22.5 Y19.8 F500
G01 X22.4 Y19.9 F500
G01 X22.3 Y19.9 F500
G01 X22.2 Y20.0 F500
G01 X22.1 Y20.0 F500
G01 X22.0 Y20.1 F500
G01 X21.9 Y20.1 F500
G01 X21.7 Y20.3 F500
G01 X21.6 Y20.3 F500
G01 X21.4 Y20.5 F500
G01 X21.3 Y20.5 F500
G01 X20.2 Y21.6 F500
G01 X20.2 Y21.7 F500
G01 X20.0 Y21.9 F500
G01 X20.0 Y22.0 F500
G01 X19.8 Y22.2 F500
G01 X19.8 Y22.3 F500
G01 X19.7 Y22.4 F500
G01 X19.7 Y22.5 F500
G01 X19.6 Y22.6 F500
G01 X19.6 Y22.7 F500
G01 X19.5 Y22.8 F500
G01 X19.5 Y23.0 F500
G01 X19.4 Y23.1 F500
G01 X19.4 Y23.2 F500
G01 X19.3 Y23.3 F500
G01 X19.3 Y23.5 F500
G01 X19.2 Y23.6 F500
G01 X19.2 Y24.0 F500
G01 X19.1 Y24.1 F500
G01 X19.1 Y25.0 F500
G01 X19.0 Y25.1 F500
G01 X19.0 Y25.2 F500
G01 X19.1 Y25.3 F500
G01 X19.1 Y26.2 F500
G01 X19.2 Y26.3 F500
G01 X19.2 Y26.7 F500
G01 X19.3 Y26.8 F500
G01 X19.3 Y27.0 F500
G01 X19.4 Y27.1 F500
G01 X19.4 Y27.2 F500
G01 X19.5 Y27.3 F500
G01 X19.5 Y27.5 F500
G01 X19.6 Y27.6 F500
G01 X19.6 Y27.7 F500
G01 X19.7 Y27.8 F500
G01 X19.7 Y27.9 F500
G01 X19.8 Y28.0 F500
G01 X19.8 Y28.1 F500
G01 X20.0 Y28.3 F500
G01 X20.0 Y28.4 F500
G01 X20.3 Y28.7 F500
G01 X20.3 Y28.8 F500
G01 X21.3 Y29.8 F500
G01 X21.4 Y29.8 F500
G01 X21.6 Y30.0 F500
G01 X21.7 Y30.0 F500
G01 X21.9 Y30.2 F500
G01 X22.0 Y30.2 F500
G01 X22.1 Y30.3 F500
G01 X22.2 Y30.3 F500
G01 X22.3 Y30.4 F500
G01 X22.4 Y30.4 F500
G01 X22.5 Y30.5 F500
G01 X22.6 Y30.5 F500
G01 X22.7 Y30.6 F500
G01 X23.0 Y30.6 F500
G01 X23.1 Y30.7 F500
G01 X23.3 Y30.7 F500
G01 X23.4 Y30.8 F500
G01 X23.7 Y30.8 F500
G01 X23.8 Y30.9 F500
G01 X24.4 Y30.9 F500
G01 X24.5 Y31.0 F500
G01 X25.2 Y31.0 F500
G01 X25.3 Y30.9 F500
G01 X25.9 Y30.9 F500
G01 X26.0 Y30.8 F500
G01 X26.3 Y30.8 F500
G01 X26.4 Y30.7 F500
G01 X26.6 Y30.7 F500
G01 X26.7 Y30.6 F500
G01 X27.0 Y30.6 F500
G01 X27.1 Y30.5 F500
G01 X27.2 Y30.5 F500
G01 X27.3 Y30.4 F500
G01 X27.4 Y30.4 F500
G01 X27.6 Y30.2 F500
G01 X27.8 Y30.2 F500
G01 X28.0 Y30.0 F500
G01 X28.1 Y30.0 F500
G01 X28.4 Y29.7 F500
G01 X28.5 Y29.7 F500
G01 X29.4 Y28.8 F500
G01 X29.4 Y28.7 F500
G01 X29.7 Y28.4 F500
G01 X29.7 Y28.3 F500
G01 X29.8 Y28.2 F500
G01 X29.8 Y28.1 F500
G01 X29.9 Y28.0 F500
G01 X29.9 Y27.9 F500
G01 X30.1 Y27.7 F500
G01 X30.1 Y27.6 F500
G01 X30.2 Y27.5 F500
G01 X30.2 Y27.3 F500
G01 X30.3 Y27.2 F500
G01 X30.3 Y27.0 F500
G01 X30.4 Y26.9 F500
G01 X30.4 Y26.7 F500
G01 X30.5 Y26.6 F500
G01 X30.5 Y26.3 F500
G01 X30.6 Y26.2 F500
G01 X30.6 Y24.1 F500
G01 X30.5 Y24.0 F500
G01 X30.5 Y23.6 F500
G01 X30.4 Y23.5 F500
G01 X30.4 Y23.4 F500
G01 X30.3 Y23.3 F500
G01 X30.3 Y23.1 F500
G01 X30.2 Y23.0 F500
G01 X30.2 Y22.8 F500
G01 X30.1 Y22.7 F500
G01 X30.1 Y22.6 F500
G01 X30.0 Y22.5 F500
G01 X30.0 Y22.4 F500
G01 X29.8 Y22.2 F500
G01 X29.8 Y22.1 F500
G01 X29.7 Y22.0 F500
G01 X29.7 Y21.9 F500
G01 X29.4 Y21.6 F500
G01 X29.4 Y21.5 F500
G01 X28.4 Y20.5 F500
G01 X28.3 Y20.5 F500
G01 X28.1 Y20.3 F500
G01 X28.0 Y20.3 F500
G01 X27.8 Y20.1 F500
G01 X27.7 Y20.1 F500
G01 X27.6 Y20.0 F500
G01 X27.5 Y20.0 F500
G01 X27.4 Y19.9 F500
G01 X27.3 Y19.9 F500
G01 X27.2 Y19.8 F500
G01 X27.1 Y19.8 F500
G01 X27.0 Y19.7 F500
G01 X26.8 Y19.7 F500
G01 X26.7 Y19.6 F500
G01 X26.4 Y19.6 F500
G01 X26.3 Y19.5 F500
G01 X26.0 Y19.5 F500
G01 X25.9 Y19.4 F500
G01 X25.3 Y19.4 F500
G01 X25.2 Y19.3 F500
G00 Z5 ; Tool Up
G00 X19.1 Y18.8
G01 Z-1 F200 ; Tool Down
G01 X19.1 Y18.8 F500
G01 X19.1 Y18.9 F500
G01 X19.0 Y19.0 F500
G01 X19.0 Y19.3 F500
G01 X19.1 Y19.4 F500
G01 X19.1 Y19.5 F500
G01 X19.4 Y19.8 F500
G01 X19.5 Y19.8 F500
G01 X19.6 Y19.9 F500
G01 X19.8 Y19.9 F500
G01 X19.9 Y20.0 F500
G01 X20.0 Y19.9 F500
G01 X20.1 Y19.9 F500
G01 X20.3 Y19.7 F500
G01 X20.4 Y19.7 F500
G01 X20.5 Y19.6 F500
G01 X20.5 Y19.3 F500
G01 X20.3 Y19.1 F500
G01 X20.2 Y19.1 F500
G01 X20.1 Y19.2 F500
G01 X20.0 Y19.2 F500
G01 X20.0 Y19.3 F500
G01 X19.7 Y19.6 F500
G01 X19.5 Y19.6 F500
G01 X19.2 Y19.3 F500
G01 X19.2 Y19.2 F500
G01 X19.1 Y19.1 F500
G00 Z5 ; Tool Up
G00 X34.3 Y18.6
G01 Z-1 F200 ; Tool Down
G01 X34.3 Y18.6 F500
G01 X34.4 Y18.5 F500
G01 X34.5 Y18.6 F500
G01 X34.5 Y18.8 F500
G01 X34.7 Y19.0 F500
G01 X34.7 Y19.1 F500
G01 X34.6 Y19.2 F500
G01 X34.4 Y19.2 F500
G01 X34.3 Y19.1 F500
G01 X34.3 Y19.0 F500
G01 X34.2 Y18.9 F500
G01 X34.3 Y18.8 F500
G00 Z5 ; Tool Up
G00 X30.5 Y18.5
G01 Z-1 F200 ; Tool Down
G01 X30.5 Y18.5 F500
G01 X30.5 Y18.6 F500
G01 X30.6 Y18.7 F500
G01 X30.6 Y19.3 F500
G01 X30.2 Y19.7 F500
G01 X30.1 Y19.7 F500
G01 X30.0 Y19.6 F500
G01 X29.9 Y19.6 F500
G01 X29.8 Y19.5 F500
G01 X29.8 Y19.4 F500
G01 X29.6 Y19.2 F500
G01 X29.4 Y19.2 F500
G01 X29.3 Y19.3 F500
G01 X29.3 Y19.7 F500
G01 X29.5 Y19.9 F500
G01 X29.6 Y19.9 F500
G01 X29.7 Y20.0 F500
G01 X30.1 Y20.0 F500
G01 X30.2 Y19.9 F500
G01 X30.3 Y19.9 F500
G01 X30.6 Y19.6 F500
G01 X30.6 Y19.4 F500
G01 X30.7 Y19.3 F500
G01 X30.7 Y19.0 F500
G01 X30.6 Y18.9 F500
G01 X30.6 Y18.7 F500
G01 X30.5 Y18.6 F500
G00 Z5 ; Tool Up
G00 X34.4 Y18.4
G01 Z-1 F200 ; Tool Down
G01 X34.4 Y18.4 F500
G01 X34.5 Y18.3 F500
G01 X34.6 Y18.4 F500
G01 X34.6 Y18.5 F500
G01 X34.5 Y18.6 F500
G01 X34.4 Y18.5 F500
G00 Z5 ; Tool Up
G00 X24.7 Y18.3
G01 Z-1 F200 ; Tool Down
G01 X24.7 Y18.3 F500
G01 X24.8 Y18.2 F500
G01 X25.1 Y18.5 F500
G01 X25.1 Y18.6 F500
G01 X25.2 Y18.7 F500
G01 X25.3 Y18.7 F500
G01 X25.5 Y18.9 F500
G01 X26.2 Y18.9 F500
G01 X26.3 Y18.8 F500
G01 X26.4 Y18.8 F500
G01 X26.7 Y18.5 F500
G01 X26.9 Y18.7 F500
G01 X26.9 Y18.9 F500
G01 X27.1 Y19.1 F500
G01 X27.1 Y19.2 F500
G01 X27.3 Y19.4 F500
G01 X27.5 Y19.4 F500
G01 X27.6 Y19.5 F500
G01 X28.1 Y19.5 F500
G01 X28.2 Y19.4 F500
G01 X28.3 Y19.4 F500
G01 X28.4 Y19.3 F500
G01 X28.5 Y19.3 F500
G01 X28.6 Y19.4 F500
G01 X28.6 Y19.9 F500
G01 X28.7 Y20.0 F500
G01 X28.7 Y20.1 F500
G01 X28.8 Y20.2 F500
G01 X28.8 Y20.3 F500
G01 X28.9 Y20.4 F500
G01 X29.0 Y20.4 F500
G01 X29.1 Y20.5 F500
G01 X29.2 Y20.5 F500
G01 X29.3 Y20.6 F500
G01 X29.9 Y20.6 F500
G01 X30.0 Y20.7 F500
G01 X30.0 Y20.8 F500
G01 X29.9 Y20.9 F500
G01 X29.9 Y21.4 F500
G01 X30.0 Y21.5 F500
G01 X30.0 Y21.7 F500
G01 X30.4 Y22.1 F500
G01 X30.5 Y22.1 F500
G01 X30.6 Y22.2 F500
G01 X31.0 Y22.2 F500
G01 X31.1 Y22.3 F500
G01 X30.9 Y22.5 F500
G01 X30.9 Y22.6 F500
G01 X30.8 Y22.7 F500
G01 X30.8 Y23.5 F500
G01 X31.0 Y23.7 F500
G01 X31.0 Y23.8 F500
G01 X31.1 Y23.8 F500
G01 X31.3 Y24.0 F500
G01 X31.4 Y24.0 F500
G01 X31.6 Y24.2 F500
G01 X31.5 Y24.3 F500
G01 X31.4 Y24.3 F500
G01 X31.2 Y24.5 F500
G01 X31.2 Y24.6 F500
G01 X31.1 Y24.7 F500
G01 X31.1 Y25.4 F500
G01 X31.2 Y25.5 F500
G01 X31.2 Y25.6 F500
G01 X31.3 Y25.7 F500
G01 X31.3 Y25.8 F500
G01 X31.4 Y25.8 F500
G01 X31.6 Y26.0 F500
G01 X31.6 Y26.1 F500
G01 X31.5 Y26.2 F500
G01 X31.4 Y26.2 F500
G01 X31.3 Y26.3 F500
G01 X31.2 Y26.3 F500
G01 X30.9 Y26.6 F500
G01 X30.9 Y26.7 F500
G01 X30.8 Y26.8 F500
G01 X30.8 Y27.6 F500
G01 X31.0 Y27.8 F500
G01 X31.0 Y27.9 F500
G01 X30.9 Y28.0 F500
G01 X30.7 Y28.0 F500
G01 X30.6 Y28.1 F500
G01 X30.4 Y28.1 F500
G01 X30.0 Y28.5 F500
G01 X30.0 Y28.7 F500
G01 X29.9 Y28.8 F500
G01 X29.9 Y29.2 F500
G01 X30.0 Y29.3 F500
G01 X30.0 Y29.5 F500
G01 X29.9 Y29.6 F500
G01 X29.2 Y29.6 F500
G01 X29.1 Y29.7 F500
G01 X29.0 Y29.7 F500
G01 X28.7 Y30.0 F500
G01 X28.7 Y30.1 F500
G01 X28.6 Y30.2 F500
G01 X28.6 Y30.8 F500
G01 X28.5 Y30.9 F500
G01 X28.4 Y30.9 F500
G01 X28.3 Y30.8 F500
G01 X28.1 Y30.8 F500
G01 X28.0 Y30.7 F500
G01 X27.6 Y30.7 F500
G01 X27.5 Y30.8 F500
G01 X27.3 Y30.8 F500
G01 X27.0 Y31.1 F500
G01 X27.0 Y31.2 F500
G01 X26.9 Y31.3 F500
G01 X26.9 Y31.4 F500
G01 X26.8 Y31.5 F500
G01 X26.8 Y31.6 F500
G01 X26.7 Y31.7 F500
G01 X26.6 Y31.6 F500
G01 X26.5 Y31.6 F500
G01 X26.3 Y31.4 F500
G01 X26.2 Y31.4 F500
G01 X26.1 Y31.3 F500
G01 X25.5 Y31.3 F500
G01 X25.4 Y31.4 F500
G01 X25.3 Y31.4 F500
G01 X25.0 Y31.7 F500
G01 X25.0 Y31.8 F500
G01 X24.8 Y32.0 F500
G01 X24.6 Y31.8 F500
G01 X24.6 Y31.7 F500
G01 X24.4 Y31.5 F500
G01 X24.3 Y31.5 F500
G01 X24.2 Y31.4 F500
G01 X24.1 Y31.4 F500
G01 X24.0 Y31.3 F500
G01 X23.5 Y31.3 F500
G01 X23.4 Y31.4 F500
G01 X23.3 Y31.4 F500
G01 X23.2 Y31.5 F500
G01 X23.1 Y31.5 F500
G01 X22.9 Y31.7 F500
G01 X22.8 Y31.6 F500
G01 X22.8 Y31.4 F500
G01 X22.7 Y31.3 F500
G01 X22.7 Y31.2 F500
G01 X22.4 Y30.9 F500
G01 X22.3 Y30.9 F500
G01 X22.2 Y30.8 F500
G01 X22.0 Y30.8 F500
G01 X21.9 Y30.7 F500
G01 X21.7 Y30.7 F500
G01 X21.6 Y30.8 F500
G01 X21.3 Y30.8 F500
G01 X21.2 Y30.9 F500
G01 X21.1 Y30.9 F500
G01 X21.0 Y30.8 F500
G01 X21.1 Y30.7 F500
G01 X21.1 Y30.5 F500
G01 X21.0 Y30.4 F500
G01 X21.0 Y30.1 F500
G01 X20.6 Y29.7 F500
G01 X20.5 Y29.7 F500
G01 X20.4 Y29.6 F500
G01 X19.7 Y29.6 F500
G01 X19.6 Y29.5 F500
G01 X19.7 Y29.4 F500
G01 X19.7 Y28.6 F500
G01 X19.6 Y28.5 F500
G01 X19.6 Y28.4 F500
G01 X19.5 Y28.3 F500
G01 X19.4 Y28.3 F500
G01 X19.2 Y28.1 F500
G01 X19.0 Y28.1 F500
G01 X18.9 Y28.0 F500
G01 X18.7 Y28.0 F500
G01 X18.6 Y27.9 F500
G01 X18.7 Y27.8 F500
G01 X18.7 Y27.7 F500
G01 X18.8 Y27.6 F500
G01 X18.8 Y27.5 F500
G01 X18.9 Y27.4 F500
G01 X18.9 Y26.9 F500
G01 X18.8 Y26.8 F500
G01 X18.8 Y26.7 F500
G01 X18.6 Y26.5 F500
G01 X18.6 Y26.4 F500
G01 X18.5 Y26.4 F500
G01 X18.4 Y26.3 F500
G01 X18.3 Y26.3 F500
G01 X18.1 Y26.1 F500
G01 X18.1 Y26.0 F500
G01 X18.5 Y25.6 F500
G01 X18.5 Y25.5 F500
G01 X18.6 Y25.4 F500
G01 X18.6 Y24.8 F500
G01 X18.5 Y24.7 F500
G01 X18.5 Y24.6 F500
G01 X18.1 Y24.2 F500
G01 X18.3 Y24.0 F500
G01 X18.4 Y24.0 F500
G01 X18.7 Y23.7 F500
G01 X18.7 Y23.6 F500
G01 X18.8 Y23.5 F500
G01 X18.8 Y23.4 F500
G01 X18.9 Y23.3 F500
G01 X18.9 Y22.8 F500
G01 X18.7 Y22.6 F500
G01 X18.7 Y22.5 F500
G01 X18.6 Y22.4 F500
G01 X18.6 Y22.3 F500
G01 X18.7 Y22.2 F500
G01 X19.0 Y22.2 F500
G01 X19.1 Y22.1 F500
G01 X19.3 Y22.1 F500
G01 X19.6 Y21.8 F500
G01 X19.6 Y21.7 F500
G01 X19.7 Y21.6 F500
G01 X19.7 Y20.8 F500
G01 X19.6 Y20.7 F500
G01 X19.7 Y20.6 F500
G01 X20.5 Y20.6 F500
G01 X20.7 Y20.4 F500
G01 X20.8 Y20.4 F500
G01 X20.9 Y20.3 F500
G01 X20.9 Y20.2 F500
G01 X21.0 Y20.1 F500
G01 X21.0 Y19.9 F500
G01 X21.1 Y19.8 F500
G01 X21.1 Y19.4 F500
G01 X21.2 Y19.3 F500
G01 X21.3 Y19.4 F500
G01 X21.6 Y19.4 F500
G01 X21.7 Y19.5 F500
G01 X22.1 Y19.5 F500
G01 X22.2 Y19.4 F500
G01 X22.4 Y19.4 F500
G01 X22.6 Y19.2 F500
G01 X22.6 Y19.1 F500
G01 X22.7 Y19.0 F500
G01 X22.7 Y18.9 F500
G01 X22.8 Y18.8 F500
G01 X22.8 Y18.6 F500
G01 X22.9 Y18.5 F500
G01 X23.0 Y18.5 F500
G01 X23.3 Y18.8 F500
G01 X23.4 Y18.8 F500
G01 X23.5 Y18.9 F500
G01 X24.2 Y18.9 F500
G01 X24.4 Y18.7 F500
G01 X24.5 Y18.7 F500
G01 X24.6 Y18.6 F500
G01 X24.6 Y18.5 F500
G01 X24.7 Y18.4 F500
G00 Z5 ; Tool Up
G00 X24.8 Y17.9
G01 Z-1 F200 ; Tool Down
G01 X24.8 Y17.9 F500
G01 X24.8 Y18.2 F500
G01 X24.7 Y18.3 F500
G01 X24.7 Y18.4 F500
G01 X24.3 Y18.8 F500
G01 X24.1 Y18.8 F500
G01 X24.0 Y18.9 F500
G01 X23.7 Y18.9 F500
G01 X23.6 Y18.8 F500
G01 X23.4 Y18.8 F500
G01 X22.9 Y18.3 F500
G01 X22.9 Y18.2 F500
G01 X22.8 Y18.2 F500
G01 X22.8 Y18.7 F500
G01 X22.7 Y18.8 F500
G01 X22.7 Y19.0 F500
G01 X22.3 Y19.4 F500
G01 X22.2 Y19.4 F500
G01 X22.1 Y19.5 F500
G01 X21.7 Y19.5 F500
G01 X21.6 Y19.4 F500
G01 X21.5 Y19.4 F500
G01 X21.4 Y19.3 F500
G01 X21.3 Y19.3 F500
G01 X21.1 Y19.1 F500
G01 X21.0 Y19.1 F500
G01 X21.0 Y19.3 F500
G01 X21.1 Y19.4 F500
G01 X21.1 Y19.8 F500
G01 X21.0 Y19.9 F500
G01 X21.0 Y20.0 F500
G01 X20.9 Y20.1 F500
G01 X20.9 Y20.2 F500
G01 X20.7 Y20.4 F500
G01 X20.6 Y20.4 F500
G01 X20.5 Y20.5 F500
G01 X20.4 Y20.5 F500
G01 X20.3 Y20.6 F500
G01 X19.9 Y20.6 F500
G01 X19.8 Y20.5 F500
G01 X19.6 Y20.5 F500
G01 X19.5 Y20.4 F500
G01 X19.4 Y20.4 F500
G01 X19.5 Y20.5 F500
G01 X19.5 Y20.6 F500
G01 X19.6 Y20.7 F500
G01 X19.6 Y20.9 F500
G01 X19.7 Y21.0 F500
G01 X19.7 Y21.5 F500
G01 X19.6 Y21.6 F500
G01 X19.6 Y21.7 F500
G01 X19.3 Y22.0 F500
G01 X19.2 Y22.0 F500
G01 X19.1 Y22.1 F500
G01 X19.0 Y22.1 F500
G01 X18.9 Y22.2 F500
G01 X18.3 Y22.2 F500
G01 X18.4 Y22.2 F500
G01 X18.6 Y22.4 F500
G01 X18.6 Y22.5 F500
G01 X18.8 Y22.7 F500
G01 X18.8 Y23.5 F500
G01 X18.3 Y24.0 F500
G01 X18.2 Y24.0 F500
G01 X18.1 Y24.1 F500
G01 X17.7 Y24.1 F500
G01 X17.8 Y24.2 F500
G01 X18.0 Y24.2 F500
G01 X18.5 Y24.7 F500
G01 X18.5 Y24.8 F500
G01 X18.6 Y24.9 F500
G01 X18.6 Y25.2 F500
G01 X18.5 Y25.3 F500
G01 X18.5 Y25.5 F500
G01 X18.4 Y25.6 F500
G01 X18.4 Y25.7 F500
G01 X18.1 Y26.0 F500
G01 X18.0 Y26.0 F500
G01 X17.9 Y26.1 F500
G01 X17.7 Y26.1 F500
G01 X17.8 Y26.1 F500
G01 X17.9 Y26.2 F500
G01 X18.2 Y26.2 F500
G01 X18.3 Y26.3 F500
G01 X18.4 Y26.3 F500
G01 X18.7 Y26.6 F500
G01 X18.7 Y26.7 F500
G01 X18.8 Y26.8 F500
G01 X18.8 Y27.5 F500
G01 X18.7 Y27.6 F500
G01 X18.7 Y27.7 F500
G01 X18.3 Y28.1 F500
G01 X19.0 Y28.1 F500
G01 X19.1 Y28.2 F500
G01 X19.3 Y28.2 F500
G01 X19.6 Y28.5 F500
G01 X19.6 Y28.6 F500
G01 X19.7 Y28.7 F500
G01 X19.7 Y29.3 F500
G01 X19.6 Y29.4 F500
G01 X19.6 Y29.5 F500
G01 X19.5 Y29.6 F500
G01 X19.5 Y29.7 F500
G01 X19.4 Y29.8 F500
G01 X19.5 Y29.8 F500
G01 X19.6 Y29.7 F500
G01 X19.9 Y29.7 F500
G01 X20.0 Y29.6 F500
G01 X20.2 Y29.6 F500
G01 X20.3 Y29.7 F500
G01 X20.5 Y29.7 F500
G01 X21.0 Y30.2 F500
G01 X21.0 Y30.4 F500
G01 X21.1 Y30.5 F500
G01 X21.1 Y30.7 F500
G01 X21.0 Y30.8 F500
G01 X21.0 Y31.1 F500
G01 X21.1 Y31.0 F500
G01 X21.2 Y31.0 F500
G01 X21.3 Y30.9 F500
G01 X21.4 Y30.9 F500
G01 X21.5 Y30.8 F500
G01 X21.7 Y30.8 F500
G01 X21.8 Y30.7 F500
G01 X21.9 Y30.8 F500
G01 X22.1 Y30.8 F500
G01 X22.2 Y30.9 F500
G01 X22.3 Y30.9 F500
G01 X22.7 Y31.3 F500
G01 X22.7 Y31.4 F500
G01 X22.8 Y31.5 F500
G01 X22.8 Y32.0 F500
G01 X22.9 Y31.9 F500
G01 X22.9 Y31.8 F500
G01 X23.3 Y31.4 F500
G01 X23.5 Y31.4 F500
G01 X23.6 Y31.3 F500
G01 X23.9 Y31.3 F500
G01 X24.0 Y31.4 F500
G01 X24.2 Y31.4 F500
G01 X24.7 Y31.9 F500
G01 X24.7 Y32.0 F500
G01 X24.8 Y32.1 F500
G01 X24.8 Y32.2 F500
G01 X24.9 Y32.2 F500
G01 X24.9 Y32.0 F500
G01 X25.0 Y31.9 F500
G01 X25.0 Y31.8 F500
G01 X25.4 Y31.4 F500
G01 X25.6 Y31.4 F500
G01 X25.7 Y31.3 F500
G01 X25.8 Y31.3 F500
G01 X25.9 Y31.4 F500
G01 X26.2 Y31.4 F500
G01 X26.4 Y31.6 F500
G01 X26.5 Y31.6 F500
G01 X26.6 Y31.7 F500
G01 X26.6 Y31.8 F500
G01 X26.8 Y32.0 F500
G01 X26.8 Y31.7 F500
G01 X26.9 Y31.6 F500
G01 X26.9 Y31.4 F500
G01 X27.0 Y31.3 F500
G01 X27.0 Y31.2 F500
G01 X27.4 Y30.8 F500
G01 X27.6 Y30.8 F500
G01 X27.7 Y30.7 F500
G01 X27.9 Y30.7 F500
G01 X28.0 Y30.8 F500
G01 X28.1 Y30.8 F500
G01 X28.2 Y30.9 F500
G01 X28.3 Y30.9 F500
G01 X28.4 Y31.0 F500
G01 X28.5 Y31.0 F500
G01 X28.6 Y31.1 F500
G01 X28.6 Y30.3 F500
G01 X28.7 Y30.2 F500
G01 X28.7 Y30.1 F500
G01 X29.1 Y29.7 F500
G01 X29.3 Y29.7 F500
G01 X29.4 Y29.6 F500
G01 X29.7 Y29.6 F500
G01 X29.8 Y29.7 F500
G01 X30.0 Y29.7 F500
G01 X30.1 Y29.8 F500
G01 X30.2 Y29.8 F500
G01 X30.2 Y29.7 F500
G01 X30.1 Y29.6 F500
G01 X30.1 Y29.5 F500
G01 X30.0 Y29.4 F500
G01 X30.0 Y29.2 F500
G01 X29.9 Y29.1 F500
G01 X29.9 Y28.9 F500
G01 X30.0 Y28.8 F500
G01 X30.0 Y28.7 F500
G01 X30.1 Y28.6 F500
G01 X30.1 Y28.5 F500
G01 X30.4 Y28.2 F500
G01 X30.5 Y28.2 F500
G01 X30.6 Y28.1 F500
G01 X31.3 Y28.1 F500
G01 X31.3 Y28.0 F500
G01 X31.2 Y28.0 F500
G01 X31.0 Y27.8 F500
G01 X31.0 Y27.7 F500
G01 X30.9 Y27.6 F500
G01 X30.9 Y27.5 F500
G01 X30.8 Y27.4 F500
G01 X30.8 Y26.9 F500
G01 X30.9 Y26.8 F500
G01 X30.9 Y26.7 F500
G01 X31.4 Y26.2 F500
G01 X31.7 Y26.2 F500
G01 X31.8 Y26.1 F500
G01 X31.9 Y26.1 F500
G01 X31.8 Y26.0 F500
G01 X31.6 Y26.0 F500
G01 X31.3 Y25.7 F500
G01 X31.3 Y25.6 F500
G01 X31.1 Y25.4 F500
G01 X31.1 Y24.8 F500
G01 X31.2 Y24.7 F500
G01 X31.2 Y24.6 F500
G01 X31.6 Y24.2 F500
G01 X31.8 Y24.2 F500
G01 X31.9 Y24.1 F500
G01 X31.7 Y24.1 F500
G01 X31.6 Y24.0 F500
G01 X31.4 Y24.0 F500
G01 X31.3 Y23.9 F500
G01 X31.2 Y23.9 F500
G01 X31.0 Y23.7 F500
G01 X31.0 Y23.6 F500
G01 X30.9 Y23.5 F500
G01 X30.9 Y23.4 F500
G01 X30.8 Y23.3 F500
G01 X30.8 Y22.9 F500
G01 X30.9 Y22.8 F500
G01 X30.9 Y22.6 F500
G01 X31.3 Y22.2 F500
G01 X31.3 Y22.1 F500
G01 X31.2 Y22.1 F500
G01 X31.1 Y22.2 F500
G01 X30.8 Y22.2 F500
G01 X30.7 Y22.1 F500
G01 X30.5 Y22.1 F500
G01 X30.0 Y21.6 F500
G01 X30.0 Y21.4 F500
G01 X29.9 Y21.3 F500
G01 X29.9 Y21.0 F500
G01 X30.0 Y20.9 F500
G01 X30.0 Y20.7 F500
G01 X30.2 Y20.5 F500
G01 X30.2 Y20.4 F500
G01 X30.1 Y20.4 F500
G01 X30.0 Y20.5 F500
G01 X29.9 Y20.5 F500
G01 X29.8 Y20.6 F500
G01 X29.4 Y20.6 F500
G01 X29.3 Y20.5 F500
G01 X29.2 Y20.5 F500
G01 X29.1 Y20.4 F500
G01 X29.0 Y20.4 F500
G01 X28.7 Y20.1 F500
G01 X28.7 Y20.0 F500
G01 X28.6 Y19.9 F500
G01 X28.6 Y19.3 F500
G01 X28.7 Y19.2 F500
G01 X28.7 Y19.1 F500
G01 X28.6 Y19.2 F500
G01 X28.5 Y19.2 F500
G01 X28.4 Y19.3 F500
G01 X28.3 Y19.3 F500
G01 X28.2 Y19.4 F500
G01 X28.1 Y19.4 F500
G01 X28.0 Y19.5 F500
G01 X27.6 Y19.5 F500
G01 X27.5 Y19.4 F500
G01 X27.4 Y19.4 F500
G01 X27.0 Y19.0 F500
G01 X27.0 Y18.9 F500
G01 X26.9 Y18.8 F500
G01 X26.9 Y18.2 F500
G01 X26.3 Y18.8 F500
G01 X26.1 Y18.8 F500
G01 X26.0 Y18.9 F500
G01 X25.6 Y18.9 F500
G01 X25.5 Y18.8 F500
G01 X25.4 Y18.8 F500
G01 X25.0 Y18.4 F500
G01 X25.0 Y18.2 F500
G01 X24.9 Y18.1 F500
G01 X24.9 Y18.0 F500
G00 Z5 ; Tool Up
G00 X28.7 Y17.6
G01 Z-1 F200 ; Tool Down
G01 X28.7 Y17.6 F500
G01 X28.7 Y18.1 F500
G01 X28.4 Y18.4 F500
G01 X28.2 Y18.4 F500
G01 X28.0 Y18.2 F500
G01 X27.9 Y18.2 F500
G01 X27.8 Y18.1 F500
G01 X27.7 Y18.1 F500
G01 X27.5 Y18.3 F500
G01 X27.5 Y18.5 F500
G01 X27.8 Y18.8 F500
G01 X28.0 Y18.8 F500
G01 X28.1 Y18.9 F500
G01 X28.2 Y18.9 F500
G01 X28.4 Y18.7 F500
G01 X28.5 Y18.7 F500
G01 X28.7 Y18.5 F500
G01 X28.7 Y18.4 F500
G01 X28.8 Y18.3 F500
G01 X28.8 Y18.2 F500
G01 X28.9 Y18.1 F500
G01 X28.9 Y17.8 F500
G00 Z5 ; Tool Up
G00 X21.3 Y17.3
G01 Z-1 F200 ; Tool Down
G01 X21.3 Y17.3 F500
G01 X21.1 Y17.5 F500
G01 X21.1 Y17.6 F500
G01 X21.0 Y17.7 F500
G01 X21.0 Y18.2 F500
G01 X21.1 Y18.3 F500
G01 X21.1 Y18.4 F500
G01 X21.3 Y18.6 F500
G01 X21.4 Y18.6 F500
G01 X21.5 Y18.7 F500
G01 X21.6 Y18.7 F500
G01 X21.7 Y18.8 F500
G01 X21.8 Y18.8 F500
G01 X21.9 Y18.7 F500
G01 X22.1 Y18.7 F500
G01 X22.3 Y18.5 F500
G01 X22.3 Y18.2 F500
G01 X22.2 Y18.1 F500
G01 X21.9 Y18.1 F500
G01 X21.7 Y18.3 F500
G01 X21.4 Y18.3 F500
G01 X21.2 Y18.1 F500
G01 X21.2 Y18.0 F500
G01 X21.1 Y17.9 F500
G01 X21.1 Y17.5 F500
G00 Z5 ; Tool Up
G00 X14.9 Y16.9
G01 Z-1 F200 ; Tool Down
G01 X14.9 Y16.9 F500
G01 X15.0 Y16.9 F500
G01 X15.2 Y17.1 F500
G01 X15.2 Y17.2 F500
G01 X15.1 Y17.3 F500
G01 X14.9 Y17.3 F500
G01 X14.7 Y17.1 F500
G00 Z5 ; Tool Up
G00 X26.2 Y16.6
G01 Z-1 F200 ; Tool Down
G01 X26.2 Y16.6 F500
G01 X26.5 Y16.9 F500
G01 X26.5 Y17.5 F500
G01 X26.3 Y17.7 F500
G01 X26.0 Y17.7 F500
G01 X25.9 Y17.6 F500
G01 X25.6 Y17.6 F500
G01 X25.5 Y17.7 F500
G01 X25.5 Y18.0 F500
G01 X25.6 Y18.1 F500
G01 X25.7 Y18.1 F500
G01 X25.8 Y18.2 F500
G01 X26.1 Y18.2 F500
G01 X26.2 Y18.1 F500
G01 X26.4 Y18.1 F500
G01 X26.5 Y18.0 F500
G01 X26.5 Y17.9 F500
G01 X26.6 Y17.8 F500
G01 X26.6 Y17.7 F500
G01 X26.7 Y17.6 F500
G01 X26.7 Y17.2 F500
G01 X26.6 Y17.1 F500
G01 X26.6 Y17.0 F500
G01 X26.5 Y16.9 F500
G01 X26.5 Y16.8 F500
G01 X26.4 Y16.8 F500
G00 Z5 ; Tool Up
G00 X23.6 Y16.6
G01 Z-1 F200 ; Tool Down
G01 X23.6 Y16.6 F500
G01 X23.2 Y17.0 F500
G01 X23.2 Y17.7 F500
G01 X23.3 Y17.8 F500
G01 X23.3 Y17.9 F500
G01 X23.5 Y18.1 F500
G01 X24.2 Y18.1 F500
G01 X24.4 Y17.9 F500
G01 X24.4 Y17.7 F500
G01 X24.3 Y17.6 F500
G01 X24.2 Y17.6 F500
G01 X24.1 Y17.5 F500
G01 X23.9 Y17.7 F500
G01 X23.6 Y17.7 F500
G01 X23.3 Y17.4 F500
G01 X23.3 Y16.9 F500
G00 Z5 ; Tool Up
G00 X33.7 Y16.4
G01 Z-1 F200 ; Tool Down
G01 X33.7 Y16.4 F500
G01 X33.7 Y16.5 F500
G01 X34.0 Y16.8 F500
G01 X34.0 Y16.9 F500
G01 X33.7 Y17.2 F500
G01 X33.6 Y17.1 F500
G01 X33.6 Y16.8 F500
G01 X33.5 Y16.8 F500
G01 X33.5 Y16.9 F500
G01 X33.4 Y17.0 F500
G01 X33.4 Y17.2 F500
G01 X33.3 Y17.3 F500
G01 X33.3 Y17.5 F500
G01 X33.2 Y17.6 F500
G01 X33.2 Y17.8 F500
G01 X33.3 Y17.9 F500
G01 X33.4 Y17.9 F500
G01 X33.4 Y17.5 F500
G01 X33.6 Y17.3 F500
G01 X33.7 Y17.3 F500
G01 X33.8 Y17.4 F500
G01 X33.8 Y17.5 F500
G01 X33.7 Y17.6 F500
G01 X33.7 Y17.8 F500
G01 X33.8 Y17.8 F500
G01 X34.0 Y17.6 F500
G01 X34.1 Y17.7 F500
G01 X34.1 Y17.9 F500
G01 X34.0 Y18.0 F500
G01 X33.9 Y18.0 F500
G01 X33.8 Y18.1 F500
G01 X33.6 Y18.1 F500
G01 X33.6 Y18.2 F500
G01 X33.7 Y18.3 F500
G01 X33.8 Y18.3 F500
G01 X33.9 Y18.2 F500
G01 X34.0 Y18.2 F500
G01 X34.2 Y18.0 F500
G01 X34.2 Y17.9 F500
G01 X34.3 Y17.8 F500
G01 X34.3 Y17.7 F500
G01 X33.9 Y17.3 F500
G01 X34.1 Y17.1 F500
G01 X34.2 Y17.1 F500
G01 X34.7 Y17.6 F500
G01 X34.7 Y17.7 F500
G01 X34.9 Y17.9 F500
G01 X34.9 Y18.0 F500
G01 X35.1 Y18.2 F500
G01 X35.1 Y18.3 F500
G01 X35.2 Y18.4 F500
G01 X35.2 Y18.5 F500
G01 X35.3 Y18.6 F500
G01 X35.2 Y18.7 F500
G01 X35.1 Y18.7 F500
G01 X34.9 Y18.5 F500
G01 X34.9 Y18.4 F500
G01 X34.8 Y18.3 F500
G01 X34.7 Y18.3 F500
G01 X34.6 Y18.4 F500
G01 X34.4 Y18.2 F500
G01 X34.3 Y18.2 F500
G01 X34.3 Y18.3 F500
G01 X34.2 Y18.4 F500
G01 X34.2 Y19.1 F500
G01 X34.4 Y19.3 F500
G01 X34.5 Y19.3 F500
G01 X34.6 Y19.4 F500
G01 X34.7 Y19.3 F500
G01 X34.8 Y19.3 F500
G01 X34.9 Y19.2 F500
G01 X34.9 Y19.0 F500
G01 X34.7 Y18.8 F500
G01 X34.7 Y18.6 F500
G01 X34.8 Y18.5 F500
G01 X35.1 Y18.8 F500
G01 X35.1 Y18.9 F500
G01 X35.2 Y18.9 F500
G01 X35.3 Y18.8 F500
G01 X35.4 Y18.8 F500
G01 X35.6 Y19.0 F500
G01 X35.6 Y19.1 F500
G01 X35.7 Y19.2 F500
G01 X35.7 Y19.3 F500
G01 X35.8 Y19.4 F500
G01 X35.8 Y19.5 F500
G01 X35.9 Y19.6 F500
G01 X35.7 Y19.8 F500
G01 X35.6 Y19.7 F500
G01 X35.6 Y19.6 F500
G01 X35.4 Y19.4 F500
G01 X35.1 Y19.4 F500
G01 X35.0 Y19.5 F500
G01 X35.0 Y19.6 F500
G01 X34.9 Y19.7 F500
G01 X34.9 Y19.8 F500
G01 X35.0 Y19.9 F500
G01 X35.0 Y20.1 F500
G01 X34.9 Y20.2 F500
G01 X34.8 Y20.2 F500
G01 X34.8 Y20.3 F500
G01 X34.9 Y20.4 F500
G01 X35.0 Y20.3 F500
G01 X35.1 Y20.3 F500
G01 X35.2 Y20.2 F500
G01 X35.4 Y20.2 F500
G01 X35.5 Y20.1 F500
G01 X35.6 Y20.1 F500
G01 X35.8 Y20.3 F500
G01 X35.6 Y20.5 F500
G01 X35.2 Y20.5 F500
G01 X35.2 Y20.6 F500
G01 X35.3 Y20.6 F500
G01 X35.4 Y20.7 F500
G01 X35.6 Y20.7 F500
G01 X35.7 Y20.6 F500
G01 X35.8 Y20.6 F500
G01 X35.8 Y20.5 F500
G01 X35.9 Y20.4 F500
G01 X35.8 Y20.3 F500
G01 X35.8 Y20.0 F500
G01 X35.9 Y19.9 F500
G01 X36.0 Y19.9 F500
G01 X36.1 Y20.0 F500
G01 X36.1 Y20.1 F500
G01 X36.2 Y20.2 F500
G01 X36.2 Y20.3 F500
G01 X36.3 Y20.4 F500
G01 X36.3 Y20.6 F500
G01 X36.4 Y20.7 F500
G01 X36.2 Y20.9 F500
G01 X36.0 Y20.9 F500
G01 X35.9 Y21.0 F500
G01 X35.8 Y21.0 F500
G01 X35.7 Y21.1 F500
G01 X35.5 Y21.1 F500
G01 X35.4 Y21.2 F500
G01 X35.2 Y21.2 F500
G01 X35.2 Y21.3 F500
G01 X35.3 Y21.4 F500
G01 X35.4 Y21.4 F500
G01 X35.5 Y21.3 F500
G01 X35.6 Y21.3 F500
G01 X35.7 Y21.2 F500
G01 X35.9 Y21.2 F500
G01 X36.0 Y21.1 F500
G01 X36.1 Y21.1 F500
G01 X36.2 Y21.0 F500
G01 X36.4 Y21.0 F500
G01 X36.5 Y21.1 F500
G01 X36.6 Y21.1 F500
G01 X36.5 Y21.0 F500
G01 X36.6 Y20.9 F500
G01 X36.6 Y20.8 F500
G01 X36.8 Y20.6 F500
G01 X36.8 Y20.5 F500
G01 X36.9 Y20.4 F500
G01 X36.9 Y20.2 F500
G01 X36.7 Y20.0 F500
G01 X36.4 Y20.0 F500
G01 X36.3 Y20.1 F500
G01 X36.1 Y19.9 F500
G01 X36.1 Y19.8 F500
G01 X35.9 Y19.6 F500
G01 X35.9 Y19.5 F500
G01 X35.8 Y19.4 F500
G01 X35.8 Y19.2 F500
G01 X35.7 Y19.1 F500
G01 X35.7 Y19.0 F500
G01 X35.5 Y18.8 F500
G01 X35.5 Y18.7 F500
G01 X35.4 Y18.6 F500
G01 X35.4 Y18.5 F500
G01 X35.1 Y18.2 F500
G01 X35.1 Y18.1 F500
G01 X35.0 Y18.0 F500
G01 X35.0 Y17.9 F500
G01 X34.7 Y17.6 F500
G01 X34.7 Y17.5 F500
G01 X34.2 Y17.0 F500
G01 X34.2 Y16.9 F500
G00 Z5 ; Tool Up
G00 X16.4 Y16.0
G01 Z-1 F200 ; Tool Down
G01 X16.4 Y16.0 F500
G01 X16.5 Y16.0 F500
G01 X16.8 Y16.3 F500
G01 X16.8 Y16.7 F500
G01 X16.6 Y16.9 F500
G01 X16.5 Y16.9 F500
G01 X16.4 Y16.8 F500
G01 X16.4 Y16.5 F500
G01 X16.2 Y16.3 F500
G01 X16.2 Y16.2 F500
G00 Z5 ; Tool Up
G00 X16.7 Y15.6
G01 Z-1 F200 ; Tool Down
G01 X16.7 Y15.6 F500
G01 X15.5 Y16.8 F500
G01 X14.8 Y16.8 F500
G01 X14.6 Y17.0 F500
G01 X14.6 Y17.3 F500
G01 X14.8 Y17.5 F500
G01 X14.8 Y17.7 F500
G01 X14.6 Y17.9 F500
G01 X14.6 Y18.0 F500
G01 X14.4 Y18.2 F500
G01 X14.4 Y18.3 F500
G01 X14.2 Y18.5 F500
G01 X14.2 Y18.6 F500
G01 X14.1 Y18.7 F500
G01 X14.1 Y18.8 F500
G01 X14.0 Y18.9 F500
G01 X14.0 Y19.0 F500
G01 X13.8 Y19.2 F500
G01 X13.8 Y19.3 F500
G01 X13.7 Y19.4 F500
G01 X13.7 Y19.5 F500
G01 X13.6 Y19.6 F500
G01 X13.6 Y19.7 F500
G01 X13.5 Y19.8 F500
G01 X13.5 Y19.9 F500
G01 X13.4 Y20.0 F500
G01 X13.4 Y20.2 F500
G01 X13.3 Y20.3 F500
G01 X13.3 Y20.4 F500
G01 X13.2 Y20.5 F500
G01 X13.2 Y20.7 F500
G01 X13.1 Y20.8 F500
G01 X13.1 Y21.2 F500
G01 X13.3 Y21.2 F500
G01 X13.3 Y21.1 F500
G01 X13.2 Y21.0 F500
G01 X13.3 Y20.9 F500
G01 X13.4 Y20.9 F500
G01 X13.6 Y21.1 F500
G01 X13.6 Y21.2 F500
G01 X13.8 Y21.2 F500
G01 X13.9 Y21.1 F500
G01 X14.0 Y21.1 F500
G01 X14.0 Y21.0 F500
G01 X13.8 Y20.8 F500
G01 X13.8 Y20.7 F500
G01 X13.9 Y20.6 F500
G01 X14.1 Y20.6 F500
G01 X14.2 Y20.7 F500
G01 X14.4 Y20.7 F500
G01 X14.5 Y20.8 F500
G01 X14.6 Y20.7 F500
G01 X14.6 Y20.6 F500
G01 X14.4 Y20.6 F500
G01 X14.3 Y20.5 F500
G01 X14.2 Y20.5 F500
G01 X14.1 Y20.4 F500
G01 X13.9 Y20.4 F500
G01 X13.8 Y20.3 F500
G01 X13.6 Y20.3 F500
G01 X13.4 Y20.1 F500
G01 X13.5 Y20.0 F500
G01 X13.5 Y19.9 F500
G01 X13.6 Y19.8 F500
G01 X13.9 Y19.8 F500
G01 X14.0 Y19.9 F500
G01 X14.1 Y19.9 F500
G01 X14.2 Y20.0 F500
G01 X14.3 Y20.0 F500
G01 X14.4 Y20.1 F500
G01 X14.5 Y20.1 F500
G01 X14.6 Y20.2 F500
G01 X14.8 Y20.2 F500
G01 X14.9 Y20.1 F500
G01 X14.8 Y20.1 F500
G01 X14.7 Y20.0 F500
G01 X14.6 Y20.0 F500
G01 X14.5 Y19.9 F500
G01 X14.4 Y19.9 F500
G01 X14.3 Y19.8 F500
G01 X14.2 Y19.8 F500
G01 X14.1 Y19.7 F500
G01 X14.0 Y19.7 F500
G01 X13.8 Y19.5 F500
G01 X13.8 Y19.3 F500
G01 X14.0 Y19.1 F500
G01 X14.0 Y19.0 F500
G01 X14.2 Y18.8 F500
G01 X14.3 Y18.8 F500
G01 X14.6 Y19.1 F500
G01 X14.5 Y19.2 F500
G01 X14.3 Y19.2 F500
G01 X14.2 Y19.3 F500
G01 X14.2 Y19.4 F500
G01 X15.1 Y19.4 F500
G01 X15.2 Y19.3 F500
G01 X15.3 Y19.3 F500
G01 X15.3 Y19.1 F500
G01 X15.2 Y19.2 F500
G01 X14.8 Y19.2 F500
G01 X14.7 Y19.1 F500
G01 X14.7 Y18.9 F500
G01 X14.5 Y18.7 F500
G01 X14.4 Y18.7 F500
G01 X14.3 Y18.6 F500
G01 X14.3 Y18.5 F500
G01 X14.5 Y18.3 F500
G01 X14.5 Y18.2 F500
G01 X14.6 Y18.1 F500
G01 X14.6 Y18.0 F500
G01 X15.0 Y17.6 F500
G01 X15.2 Y17.8 F500
G01 X15.1 Y17.9 F500
G01 X15.1 Y18.0 F500
G01 X14.9 Y18.2 F500
G01 X14.9 Y18.3 F500
G01 X14.8 Y18.4 F500
G01 X14.8 Y18.5 F500
G01 X14.9 Y18.6 F500
G01 X15.0 Y18.6 F500
G01 X15.1 Y18.7 F500
G01 X15.7 Y18.7 F500
G01 X15.7 Y18.5 F500
G01 X15.6 Y18.5 F500
G01 X15.5 Y18.6 F500
G01 X15.4 Y18.6 F500
G01 X15.3 Y18.5 F500
G01 X15.1 Y18.5 F500
G01 X15.0 Y18.4 F500
G01 X15.0 Y18.2 F500
G01 X15.1 Y18.1 F500
G01 X15.1 Y18.0 F500
G01 X15.3 Y17.8 F500
G01 X15.5 Y18.0 F500
G01 X15.6 Y18.0 F500
G01 X15.9 Y18.3 F500
G01 X16.0 Y18.3 F500
G01 X16.1 Y18.2 F500
G01 X15.8 Y17.9 F500
G01 X15.7 Y17.9 F500
G01 X15.3 Y17.5 F500
G01 X15.2 Y17.5 F500
G01 X15.1 Y17.4 F500
G01 X15.4 Y17.1 F500
G01 X15.5 Y17.1 F500
G01 X16.1 Y17.7 F500
G01 X16.2 Y17.7 F500
G01 X16.3 Y17.8 F500
G01 X16.4 Y17.8 F500
G01 X16.5 Y17.7 F500
G01 X16.4 Y17.6 F500
G01 X16.3 Y17.6 F500
G01 X15.6 Y16.9 F500
G01 X15.6 Y16.8 F500
G01 X15.9 Y16.5 F500
G01 X16.1 Y16.5 F500
G01 X16.3 Y16.7 F500
G01 X16.1 Y16.9 F500
G01 X16.2 Y17.0 F500
G01 X16.6 Y17.0 F500
G01 X17.0 Y16.6 F500
G01 X17.3 Y16.9 F500
G01 X17.4 Y16.8 F500
G01 X17.4 Y16.7 F500
G01 X16.8 Y16.1 F500
G01 X16.8 Y16.0 F500
G01 X16.7 Y15.9 F500
G01 X16.7 Y15.8 F500
G01 X16.8 Y15.7 F500
G00 Z5 ; Tool Up
G00 X23.5 Y15.2
G01 Z-1 F200 ; Tool Down
G01 X23.5 Y15.2 F500
G01 X23.6 Y15.1 F500
G01 X26.0 Y15.1 F500
G01 X26.1 Y15.2 F500
G01 X26.6 Y15.2 F500
G01 X26.7 Y15.3 F500
G01 X27.0 Y15.3 F500
G01 X27.1 Y15.4 F500
G01 X27.5 Y15.4 F500
G01 X27.6 Y15.5 F500
G01 X27.8 Y15.5 F500
G01 X27.9 Y15.6 F500
G01 X28.1 Y15.6 F500
G01 X28.2 Y15.7 F500
G01 X28.4 Y15.7 F500
G01 X28.5 Y15.8 F500
G01 X28.7 Y15.8 F500
G01 X28.8 Y15.9 F500
G01 X28.9 Y15.9 F500
G01 X29.0 Y16.0 F500
G01 X29.1 Y16.0 F500
G01 X29.2 Y16.1 F500
G01 X29.3 Y16.1 F500
G01 X29.4 Y16.2 F500
G01 X29.5 Y16.2 F500
G01 X29.6 Y16.3 F500
G01 X29.7 Y16.3 F500
G01 X29.9 Y16.5 F500
G01 X30.0 Y16.5 F500
G01 X30.1 Y16.6 F500
G01 X30.2 Y16.6 F500
G01 X30.4 Y16.8 F500
G01 X30.5 Y16.8 F500
G01 X30.7 Y17.0 F500
G01 X30.8 Y17.0 F500
G01 X31.2 Y17.4 F500
G01 X31.3 Y17.4 F500
G01 X32.6 Y18.7 F500
G01 X32.6 Y18.8 F500
G01 X32.9 Y19.1 F500
G01 X32.9 Y19.2 F500
G01 X33.2 Y19.5 F500
G01 X33.2 Y19.6 F500
G01 X33.3 Y19.7 F500
G01 X33.3 Y19.8 F500
G01 X33.5 Y20.0 F500
G01 X33.5 Y20.1 F500
G01 X33.6 Y20.2 F500
G01 X33.6 Y20.3 F500
G01 X33.8 Y20.5 F500
G01 X33.8 Y20.6 F500
G01 X33.9 Y20.7 F500
G01 X33.9 Y20.9 F500
G01 X34.0 Y21.0 F500
G01 X34.0 Y21.1 F500
G01 X34.1 Y21.2 F500
G01 X34.1 Y21.3 F500
G01 X34.2 Y21.4 F500
G01 X34.2 Y21.5 F500
G01 X34.3 Y21.6 F500
G01 X34.3 Y21.8 F500
G01 X34.4 Y21.9 F500
G01 X34.4 Y22.2 F500
G01 X34.5 Y22.3 F500
G01 X34.5 Y22.5 F500
G01 X34.6 Y22.6 F500
G01 X34.6 Y22.8 F500
G01 X34.7 Y22.9 F500
G01 X34.7 Y23.4 F500
G01 X34.8 Y23.5 F500
G01 X34.8 Y24.3 F500
G01 X34.9 Y24.4 F500
G01 X34.9 Y25.9 F500
G01 X34.8 Y26.0 F500
G01 X34.8 Y26.8 F500
G01 X34.7 Y26.9 F500
G01 X34.7 Y27.4 F500
G01 X34.6 Y27.5 F500
G01 X34.6 Y27.7 F500
G01 X34.5 Y27.8 F500
G01 X34.5 Y28.0 F500
G01 X34.4 Y28.1 F500
G01 X34.4 Y28.4 F500
G01 X34.3 Y28.5 F500
G01 X34.3 Y28.7 F500
G01 X34.2 Y28.8 F500
G01 X34.2 Y28.9 F500
G01 X34.1 Y29.0 F500
G01 X34.1 Y29.1 F500
G01 X34.0 Y29.2 F500
G01 X34.0 Y29.3 F500
G01 X33.9 Y29.4 F500
G01 X33.9 Y29.6 F500
G01 X33.7 Y29.8 F500
G01 X33.7 Y29.9 F500
G01 X33.6 Y30.0 F500
G01 X33.6 Y30.1 F500
G01 X33.5 Y30.2 F500
G01 X33.5 Y30.3 F500
G01 X33.3 Y30.5 F500
G01 X33.3 Y30.6 F500
G01 X33.1 Y30.8 F500
G01 X33.1 Y30.9 F500
G01 X32.8 Y31.2 F500
G01 X32.8 Y31.3 F500
G01 X32.4 Y31.7 F500
G01 X32.4 Y31.8 F500
G01 X31.4 Y32.8 F500
G01 X31.3 Y32.8 F500
G01 X30.9 Y33.2 F500
G01 X30.8 Y33.2 F500
G01 X30.5 Y33.5 F500
G01 X30.4 Y33.5 F500
G01 X30.3 Y33.6 F500
G01 X30.2 Y33.6 F500
G01 X30.0 Y33.8 F500
G01 X29.9 Y33.8 F500
G01 X29.8 Y33.9 F500
G01 X29.7 Y33.9 F500
G01 X29.6 Y34.0 F500
G01 X29.5 Y34.0 F500
G01 X29.3 Y34.2 F500
G01 X29.2 Y34.2 F500
G01 X29.1 Y34.3 F500
G01 X28.9 Y34.3 F500
G01 X28.8 Y34.4 F500
G01 X28.7 Y34.4 F500
G01 X28.6 Y34.5 F500
G01 X28.4 Y34.5 F500
G01 X28.3 Y34.6 F500
G01 X28.2 Y34.6 F500
G01 X28.1 Y34.7 F500
G01 X27.9 Y34.7 F500
G01 X27.8 Y34.8 F500
G01 X27.5 Y34.8 F500
G01 X27.4 Y34.9 F500
G01 X27.1 Y34.9 F500
G01 X27.0 Y35.0 F500
G01 X26.7 Y35.0 F500
G01 X26.6 Y35.1 F500
G01 X26.0 Y35.1 F500
G01 X25.9 Y35.2 F500
G01 X23.8 Y35.2 F500
G01 X23.7 Y35.1 F500
G01 X23.1 Y35.1 F500
G01 X23.0 Y35.0 F500
G01 X22.7 Y35.0 F500
G01 X22.6 Y34.9 F500
G01 X22.3 Y34.9 F500
G01 X22.2 Y34.8 F500
G01 X21.9 Y34.8 F500
G01 X21.8 Y34.7 F500
G01 X21.6 Y34.7 F500
G01 X21.5 Y34.6 F500
G01 X21.3 Y34.6 F500
G01 X21.2 Y34.5 F500
G01 X21.1 Y34.5 F500
G01 X21.0 Y34.4 F500
G01 X20.8 Y34.4 F500
G01 X20.7 Y34.3 F500
G01 X20.6 Y34.3 F500
G01 X20.5 Y34.2 F500
G01 X20.4 Y34.2 F500
G01 X20.3 Y34.1 F500
G01 X20.2 Y34.1 F500
G01 X20.1 Y34.0 F500
G01 X20.0 Y34.0 F500
G01 X19.8 Y33.8 F500
G01 X19.7 Y33.8 F500
G01 X19.6 Y33.7 F500
G01 X19.5 Y33.7 F500
G01 X19.3 Y33.5 F500
G01 X19.2 Y33.5 F500
G01 X18.9 Y33.2 F500
G01 X18.8 Y33.2 F500
G01 X18.4 Y32.8 F500
G01 X18.3 Y32.8 F500
G01 X17.2 Y31.7 F500
G01 X17.2 Y31.6 F500
G01 X16.8 Y31.2 F500
G01 X16.8 Y31.1 F500
G01 X16.6 Y30.9 F500
G01 X16.6 Y30.8 F500
G01 X16.3 Y30.5 F500
G01 X16.3 Y30.4 F500
G01 X16.2 Y30.3 F500
G01 X16.2 Y30.2 F500
G01 X16.1 Y30.1 F500
G01 X16.1 Y30.0 F500
G01 X15.9 Y29.8 F500
G01 X15.9 Y29.7 F500
G01 X15.8 Y29.6 F500
G01 X15.8 Y29.5 F500
G01 X15.7 Y29.4 F500
G01 X15.7 Y29.2 F500
G01 X15.5 Y29.0 F500
G01 X15.5 Y28.8 F500
G01 X15.4 Y28.7 F500
G01 X15.4 Y28.5 F500
G01 X15.3 Y28.4 F500
G01 X15.3 Y28.2 F500
G01 X15.2 Y28.1 F500
G01 X15.2 Y27.9 F500
G01 X15.1 Y27.8 F500
G01 X15.1 Y27.5 F500
G01 X15.0 Y27.4 F500
G01 X15.0 Y26.9 F500
G01 X14.9 Y26.8 F500
G01 X14.9 Y26.2 F500
G01 X14.8 Y26.1 F500
G01 X14.8 Y24.2 F500
G01 X14.9 Y24.1 F500
G01 X14.9 Y23.5 F500
G01 X15.0 Y23.4 F500
G01 X15.0 Y22.9 F500
G01 X15.1 Y22.8 F500
G01 X15.1 Y22.5 F500
G01 X15.2 Y22.4 F500
G01 X15.2 Y22.2 F500
G01 X15.3 Y22.1 F500
G01 X15.3 Y21.9 F500
G01 X15.4 Y21.8 F500
G01 X15.4 Y21.6 F500
G01 X15.5 Y21.5 F500
G01 X15.5 Y21.3 F500
G01 X15.6 Y21.2 F500
G01 X15.6 Y21.1 F500
G01 X15.7 Y21.0 F500
G01 X15.7 Y20.9 F500
G01 X15.8 Y20.8 F500
G01 X15.8 Y20.7 F500
G01 X15.9 Y20.6 F500
G01 X15.9 Y20.5 F500
G01 X16.0 Y20.4 F500
G01 X16.0 Y20.3 F500
G01 X16.2 Y20.1 F500
G01 X16.2 Y20.0 F500
G01 X16.3 Y19.9 F500
G01 X16.3 Y19.8 F500
G01 X16.5 Y19.6 F500
G01 X16.5 Y19.5 F500
G01 X16.7 Y19.3 F500
G01 X16.7 Y19.2 F500
G01 X17.0 Y18.9 F500
G01 X17.0 Y18.8 F500
G01 X18.4 Y17.4 F500
G01 X18.5 Y17.4 F500
G01 X18.9 Y17.0 F500
G01 X19.0 Y17.0 F500
G01 X19.2 Y16.8 F500
G01 X19.3 Y16.8 F500
G01 X19.5 Y16.6 F500
G01 X19.6 Y16.6 F500
G01 X19.7 Y16.5 F500
G01 X19.8 Y16.5 F500
G01 X20.0 Y16.3 F500
G01 X20.1 Y16.3 F500
G01 X20.2 Y16.2 F500
G01 X20.3 Y16.2 F500
G01 X20.4 Y16.1 F500
G01 X20.5 Y16.1 F500
G01 X20.6 Y16.0 F500
G01 X20.7 Y16.0 F500
G01 X20.8 Y15.9 F500
G01 X20.9 Y15.9 F500
G01 X21.0 Y15.8 F500
G01 X21.2 Y15.8 F500
G01 X21.3 Y15.7 F500
G01 X21.5 Y15.7 F500
G01 X21.6 Y15.6 F500
G01 X21.7 Y15.6 F500
G01 X21.8 Y15.5 F500
G01 X22.1 Y15.5 F500
G01 X22.2 Y15.4 F500
G01 X22.5 Y15.4 F500
G01 X22.6 Y15.3 F500
G01 X23.0 Y15.3 F500
G01 X23.1 Y15.2 F500
G00 Z5 ; Tool Up
G00 X24.6 Y14.9
G01 Z-1 F200 ; Tool Down
G01 X24.6 Y14.9 F500
G01 X24.5 Y15.0 F500
G01 X23.5 Y15.0 F500
G01 X23.4 Y15.1 F500
G01 X22.9 Y15.1 F500
G01 X22.8 Y15.2 F500
G01 X22.4 Y15.2 F500
G01 X22.3 Y15.3 F500
G01 X22.0 Y15.3 F500
G01 X21.9 Y15.4 F500
G01 X21.7 Y15.4 F500
G01 X21.6 Y15.5 F500
G01 X21.4 Y15.5 F500
G01 X21.3 Y15.6 F500
G01 X21.1 Y15.6 F500
G01 X21.0 Y15.7 F500
G01 X20.9 Y15.7 F500
G01 X20.8 Y15.8 F500
G01 X20.7 Y15.8 F500
G01 X20.6 Y15.9 F500
G01 X20.5 Y15.9 F500
G01 X20.4 Y16.0 F500
G01 X20.3 Y16.0 F500
G01 X20.2 Y16.1 F500
G01 X20.1 Y16.1 F500
G01 X20.0 Y16.2 F500
G01 X19.9 Y16.2 F500
G01 X19.8 Y16.3 F500
G01 X19.7 Y16.3 F500
G01 X19.6 Y16.4 F500
G01 X19.5 Y16.4 F500
G01 X19.3 Y16.6 F500
G01 X19.2 Y16.6 F500
G01 X19.0 Y16.8 F500
G01 X18.9 Y16.8 F500
G01 X18.5 Y17.2 F500
G01 X18.4 Y17.2 F500
G01 X17.7 Y17.9 F500
G01 X17.6 Y17.9 F500
G01 X17.6 Y18.0 F500
G01 X16.8 Y18.8 F500
G01 X16.8 Y18.9 F500
G01 X16.6 Y19.1 F500
G01 X16.6 Y19.2 F500
G01 X16.3 Y19.5 F500
G01 X16.3 Y19.6 F500
G01 X16.2 Y19.7 F500
G01 X16.2 Y19.8 F500
G01 X16.0 Y20.0 F500
G01 X16.0 Y20.1 F500
G01 X15.9 Y20.2 F500
G01 X15.9 Y20.3 F500
G01 X15.8 Y20.4 F500
G01 X15.8 Y20.5 F500
G01 X15.7 Y20.6 F500
G01 X15.7 Y20.7 F500
G01 X15.6 Y20.8 F500
G01 X15.6 Y20.9 F500
G01 X15.5 Y21.0 F500
G01 X15.5 Y21.1 F500
G01 X15.4 Y21.2 F500
G01 X15.4 Y21.4 F500
G01 X15.3 Y21.5 F500
G01 X15.3 Y21.6 F500
G01 X15.2 Y21.7 F500
G01 X15.2 Y21.9 F500
G01 X15.1 Y22.0 F500
G01 X15.1 Y22.3 F500
G01 X15.0 Y22.4 F500
G01 X15.0 Y22.6 F500
G01 X14.9 Y22.7 F500
G01 X14.9 Y23.0 F500
G01 X14.8 Y23.1 F500
G01 X14.8 Y23.7 F500
G01 X14.7 Y23.8 F500
G01 X14.7 Y26.5 F500
G01 X14.8 Y26.6 F500
G01 X14.8 Y27.2 F500
G01 X14.9 Y27.3 F500
G01 X14.9 Y27.6 F500
G01 X15.0 Y27.7 F500
G01 X15.0 Y27.9 F500
G01 X15.1 Y28.0 F500
G01 X15.1 Y28.2 F500
G01 X15.2 Y28.3 F500
G01 X15.2 Y28.6 F500
G01 X15.3 Y28.7 F500
G01 X15.3 Y28.8 F500
G01 X15.4 Y28.9 F500
G01 X15.4 Y29.0 F500
G01 X15.5 Y29.1 F500
G01 X15.5 Y29.3 F500
G01 X15.6 Y29.4 F500
G01 X15.6 Y29.5 F500
G01 X15.7 Y29.6 F500
G01 X15.7 Y29.7 F500
G01 X15.8 Y29.8 F500
G01 X15.8 Y29.9 F500
G01 X15.9 Y30.0 F500
G01 X15.9 Y30.1 F500
G01 X16.0 Y30.2 F500
G01 X16.0 Y30.3 F500
G01 X16.2 Y30.5 F500
G01 X16.2 Y30.6 F500
G01 X16.4 Y30.8 F500
G01 X16.4 Y30.9 F500
G01 X16.6 Y31.1 F500
G01 X16.6 Y31.2 F500
G01 X17.0 Y31.6 F500
G01 X17.0 Y31.7 F500
G01 X18.3 Y33.0 F500
G01 X18.4 Y33.0 F500
G01 X18.8 Y33.4 F500
G01 X18.9 Y33.4 F500
G01 X19.2 Y33.7 F500
G01 X19.3 Y33.7 F500
G01 X19.4 Y33.8 F500
G01 X19.5 Y33.8 F500
G01 X19.6 Y33.9 F500
G01 X19.7 Y33.9 F500
G01 X19.9 Y34.1 F500
G01 X20.0 Y34.1 F500
G01 X20.1 Y34.2 F500
G01 X20.2 Y34.2 F500
G01 X20.3 Y34.3 F500
G01 X20.4 Y34.3 F500
G01 X20.5 Y34.4 F500
G01 X20.6 Y34.4 F500
G01 X20.7 Y34.5 F500
G01 X20.8 Y34.5 F500
G01 X20.9 Y34.6 F500
G01 X21.1 Y34.6 F500
G01 X21.2 Y34.7 F500
G01 X21.4 Y34.7 F500
G01 X21.5 Y34.8 F500
G01 X21.6 Y34.8 F500
G01 X21.7 Y34.9 F500
G01 X21.9 Y34.9 F500
G01 X22.0 Y35.0 F500
G01 X22.4 Y35.0 F500
G01 X22.5 Y35.1 F500
G01 X22.9 Y35.1 F500
G01 X23.0 Y35.2 F500
G01 X23.4 Y35.2 F500
G01 X23.5 Y35.3 F500
G01 X24.5 Y35.3 F500
G01 X24.6 Y35.4 F500
G01 X25.0 Y35.4 F500
G01 X25.1 Y35.3 F500
G01 X26.2 Y35.3 F500
G01 X26.3 Y35.2 F500
G01 X26.7 Y35.2 F500
G01 X26.8 Y35.1 F500
G01 X27.2 Y35.1 F500
G01 X27.3 Y35.0 F500
G01 X27.6 Y35.0 F500
G01 X27.7 Y34.9 F500
G01 X27.9 Y34.9 F500
G01 X28.0 Y34.8 F500
G01 X28.2 Y34.8 F500
G01 X28.3 Y34.7 F500
G01 X28.5 Y34.7 F500
G01 X28.6 Y34.6 F500
G01 X28.8 Y34.6 F500
G01 X28.9 Y34.5 F500
G01 X29.0 Y34.5 F500
G01 X29.1 Y34.4 F500
G01 X29.2 Y34.4 F500
G01 X29.3 Y34.3 F500
G01 X29.4 Y34.3 F500
G01 X29.5 Y34.2 F500
G01 X29.6 Y34.2 F500
G01 X29.7 Y34.1 F500
G01 X29.8 Y34.1 F500
G01 X30.0 Y33.9 F500
G01 X30.1 Y33.9 F500
G01 X30.2 Y33.8 F500
G01 X30.3 Y33.8 F500
G01 X30.5 Y33.6 F500
G01 X30.6 Y33.6 F500
G01 X30.8 Y33.4 F500
G01 X30.9 Y33.4 F500
G01 X31.3 Y33.0 F500
G01 X31.4 Y33.0 F500
G01 X32.7 Y31.7 F500
G01 X32.7 Y31.6 F500
G01 X33.0 Y31.3 F500
G01 X33.0 Y31.2 F500
G01 X33.3 Y30.9 F500
G01 X33.3 Y30.8 F500
G01 X33.5 Y30.6 F500
G01 X33.5 Y30.5 F500
G01 X33.6 Y30.4 F500
G01 X33.6 Y30.3 F500
G01 X33.8 Y30.1 F500
G01 X33.8 Y29.9 F500
G01 X34.0 Y29.7 F500
G01 X34.0 Y29.6 F500
G01 X34.1 Y29.5 F500
G01 X34.1 Y29.4 F500
G01 X34.2 Y29.3 F500
G01 X34.2 Y29.1 F500
G01 X34.3 Y29.0 F500
G01 X34.3 Y28.8 F500
G01 X34.4 Y28.7 F500
G01 X34.4 Y28.6 F500
G01 X34.5 Y28.5 F500
G01 X34.5 Y28.3 F500
G01 X34.6 Y28.2 F500
G01 X34.6 Y27.9 F500
G01 X34.7 Y27.8 F500
G01 X34.7 Y27.6 F500
G01 X34.8 Y27.5 F500
G01 X34.8 Y27.1 F500
G01 X34.9 Y27.0 F500
G01 X34.9 Y26.6 F500
G01 X35.0 Y26.5 F500
G01 X35.0 Y23.8 F500
G01 X34.9 Y23.7 F500
G01 X34.9 Y23.2 F500
G01 X34.8 Y23.1 F500
G01 X34.8 Y22.8 F500
G01 X34.7 Y22.7 F500
G01 X34.7 Y22.5 F500
G01 X34.6 Y22.4 F500
G01 X34.6 Y22.0 F500
G01 X34.5 Y21.9 F500
G01 X34.5 Y21.8 F500
G01 X34.4 Y21.7 F500
G01 X34.4 Y21.5 F500
G01 X34.3 Y21.4 F500
G01 X34.3 Y21.3 F500
G01 X34.2 Y21.2 F500
G01 X34.2 Y21.0 F500
G01 X34.1 Y20.9 F500
G01 X34.1 Y20.8 F500
G01 X34.0 Y20.7 F500
G01 X34.0 Y20.6 F500
G01 X33.9 Y20.5 F500
G01 X33.9 Y20.4 F500
G01 X33.8 Y20.3 F500
G01 X33.8 Y20.2 F500
G01 X33.7 Y20.1 F500
G01 X33.7 Y20.0 F500
G01 X33.5 Y19.8 F500
G01 X33.5 Y19.7 F500
G01 X33.3 Y19.5 F500
G01 X33.3 Y19.4 F500
G01 X33.0 Y19.1 F500
G01 X33.0 Y19.0 F500
G01 X32.7 Y18.7 F500
G01 X32.7 Y18.6 F500
G01 X31.3 Y17.2 F500
G01 X31.2 Y17.2 F500
G01 X30.9 Y16.9 F500
G01 X30.8 Y16.9 F500
G01 X30.6 Y16.7 F500
G01 X30.5 Y16.7 F500
G01 X30.2 Y16.4 F500
G01 X30.1 Y16.4 F500
G01 X30.0 Y16.3 F500
G01 X29.9 Y16.3 F500
G01 X29.8 Y16.2 F500
G01 X29.7 Y16.2 F500
G01 X29.6 Y16.1 F500
G01 X29.5 Y16.1 F500
G01 X29.4 Y16.0 F500
G01 X29.3 Y16.0 F500
G01 X29.2 Y15.9 F500
G01 X29.1 Y15.9 F500
G01 X29.0 Y15.8 F500
G01 X28.9 Y15.8 F500
G01 X28.8 Y15.7 F500
G01 X28.6 Y15.7 F500
G01 X28.5 Y15.6 F500
G01 X28.3 Y15.6 F500
G01 X28.2 Y15.5 F500
G01 X28.0 Y15.5 F500
G01 X27.9 Y15.4 F500
G01 X27.8 Y15.4 F500
G01 X27.7 Y15.3 F500
G01 X27.4 Y15.3 F500
G01 X27.3 Y15.2 F500
G01 X26.9 Y15.2 F500
G01 X26.8 Y15.1 F500
G01 X26.3 Y15.1 F500
G01 X26.2 Y15.0 F500
G01 X25.2 Y15.0 F500
G01 X25.1 Y14.9 F500
G00 Z5 ; Tool Up
G00 X18.2 Y14.6
G01 Z-1 F200 ; Tool Down
G01 X18.2 Y14.6 F500
G01 X18.3 Y14.6 F500
G01 X18.5 Y14.8 F500
G01 X18.5 Y14.9 F500
G01 X18.6 Y15.0 F500
G01 X18.6 Y15.2 F500
G01 X18.5 Y15.3 F500
G01 X18.3 Y15.3 F500
G01 X18.2 Y15.2 F500
G01 X18.2 Y15.1 F500
G01 X18.0 Y14.9 F500
G01 X18.0 Y14.8 F500
G00 Z5 ; Tool Up
G00 X29.9 Y14.0
G01 Z-1 F200 ; Tool Down
G01 X29.9 Y14.0 F500
G01 X30.0 Y13.9 F500
G01 X30.2 Y14.1 F500
G01 X30.2 Y14.2 F500
G01 X30.1 Y14.3 F500
G01 X30.0 Y14.3 F500
G01 X29.9 Y14.2 F500
G00 Z5 ; Tool Up
G00 X20.2 Y13.7
G01 Z-1 F200 ; Tool Down
G01 X20.2 Y13.7 F500
G01 X20.3 Y13.6 F500
G01 X20.4 Y13.6 F500
G01 X20.5 Y13.7 F500
G01 X20.5 Y13.8 F500
G01 X20.6 Y13.9 F500
G01 X20.6 Y14.0 F500
G01 X20.7 Y14.1 F500
G01 X20.7 Y14.3 F500
G01 X20.3 Y14.7 F500
G01 X20.2 Y14.7 F500
G01 X20.1 Y14.6 F500
G01 X20.1 Y14.4 F500
G01 X20.2 Y14.3 F500
G01 X20.3 Y14.3 F500
G01 X20.3 Y14.2 F500
G01 X20.2 Y14.3 F500
G01 X19.9 Y14.3 F500
G01 X19.8 Y14.2 F500
G01 X20.0 Y14.0 F500
G01 X20.1 Y14.0 F500
G01 X20.2 Y13.9 F500
G00 Z5 ; Tool Up
G00 X28.0 Y13.1
G01 Z-1 F200 ; Tool Down
G01 X28.0 Y13.1 F500
G01 X28.1 Y13.2 F500
G01 X28.2 Y13.2 F500
G01 X28.3 Y13.3 F500
G01 X28.2 Y13.4 F500
G01 X28.2 Y13.6 F500
G01 X28.1 Y13.7 F500
G01 X28.0 Y13.7 F500
G01 X27.8 Y13.5 F500
G01 X27.8 Y13.3 F500
G00 Z5 ; Tool Up
G00 X24.1 Y13.2
G01 Z-1 F200 ; Tool Down
G01 X24.1 Y13.2 F500
G01 X24.2 Y13.1 F500
G01 X24.3 Y13.1 F500
G01 X24.4 Y13.2 F500
G01 X24.4 Y13.5 F500
G01 X24.3 Y13.6 F500
G01 X24.2 Y13.6 F500
G01 X24.1 Y13.5 F500
G00 Z5 ; Tool Up
G00 X27.2 Y12.9
G01 Z-1 F200 ; Tool Down
G01 X27.2 Y12.9 F500
G01 X27.2 Y13.0 F500
G01 X27.5 Y13.0 F500
G01 X27.7 Y13.2 F500
G01 X27.6 Y13.3 F500
G01 X27.6 Y13.4 F500
G01 X27.5 Y13.5 F500
G01 X27.4 Y13.4 F500
G01 X27.4 Y13.3 F500
G01 X27.2 Y13.3 F500
G01 X27.2 Y13.5 F500
G01 X27.3 Y13.6 F500
G01 X27.3 Y13.8 F500
G01 X27.4 Y13.9 F500
G01 X27.4 Y14.1 F500
G01 X27.5 Y14.2 F500
G01 X27.5 Y14.3 F500
G01 X27.7 Y14.3 F500
G01 X27.6 Y14.2 F500
G01 X27.6 Y14.1 F500
G01 X27.5 Y14.0 F500
G01 X27.5 Y13.8 F500
G01 X27.6 Y13.7 F500
G01 X28.0 Y13.7 F500
G01 X28.1 Y13.8 F500
G01 X28.1 Y14.0 F500
G01 X28.0 Y14.1 F500
G01 X28.0 Y14.4 F500
G01 X28.1 Y14.5 F500
G01 X28.2 Y14.4 F500
G01 X28.2 Y14.0 F500
G01 X28.3 Y13.9 F500
G01 X28.3 Y13.7 F500
G01 X28.4 Y13.6 F500
G01 X28.4 Y13.4 F500
G01 X28.5 Y13.3 F500
G01 X28.7 Y13.3 F500
G01 X28.8 Y13.4 F500
G01 X29.0 Y13.4 F500
G01 X29.2 Y13.6 F500
G01 X29.2 Y13.8 F500
G01 X29.0 Y14.0 F500
G01 X28.9 Y13.9 F500
G01 X28.9 Y13.8 F500
G01 X28.8 Y13.8 F500
G01 X28.8 Y14.4 F500
G01 X28.9 Y14.5 F500
G01 X28.9 Y14.7 F500
G01 X29.0 Y14.8 F500
G01 X29.1 Y14.8 F500
G01 X29.1 Y14.7 F500
G01 X29.0 Y14.6 F500
G01 X29.0 Y14.3 F500
G01 X29.1 Y14.2 F500
G01 X29.4 Y14.2 F500
G01 X29.6 Y14.4 F500
G01 X29.6 Y14.7 F500
G01 X29.8 Y14.9 F500
G01 X29.9 Y14.9 F500
G01 X30.0 Y15.0 F500
G01 X30.2 Y15.0 F500
G01 X30.3 Y15.1 F500
G01 X30.3 Y15.2 F500
G01 X30.2 Y15.3 F500
G01 X30.2 Y15.4 F500
G01 X30.4 Y15.4 F500
G01 X30.4 Y15.3 F500
G01 X30.6 Y15.1 F500
G01 X30.6 Y15.0 F500
G01 X30.7 Y14.9 F500
G01 X30.7 Y14.8 F500
G01 X30.8 Y14.7 F500
G01 X30.8 Y14.6 F500
G01 X31.0 Y14.4 F500
G01 X31.1 Y14.5 F500
G01 X31.2 Y14.5 F500
G01 X31.3 Y14.6 F500
G01 X31.3 Y14.7 F500
G01 X31.2 Y14.8 F500
G01 X31.2 Y14.9 F500
G01 X31.1 Y15.0 F500
G01 X31.1 Y15.1 F500
G01 X30.9 Y15.3 F500
G01 X30.9 Y15.4 F500
G01 X30.7 Y15.6 F500
G01 X30.7 Y15.7 F500
G01 X30.8 Y15.8 F500
G01 X31.0 Y15.6 F500
G01 X31.0 Y15.5 F500
G01 X31.2 Y15.3 F500
G01 X31.2 Y15.2 F500
G01 X31.4 Y15.0 F500
G01 X31.4 Y14.9 F500
G01 X31.5 Y14.8 F500
G01 X31.7 Y14.8 F500
G01 X31.9 Y15.0 F500
G01 X32.0 Y15.0 F500
G01 X32.4 Y15.4 F500
G01 X32.4 Y15.5 F500
G01 X32.2 Y15.7 F500
G01 X32.0 Y15.5 F500
G01 X31.9 Y15.5 F500
G01 X31.7 Y15.3 F500
G01 X31.6 Y15.3 F500
G01 X31.6 Y15.7 F500
G01 X31.7 Y15.8 F500
G01 X31.9 Y15.6 F500
G01 X32.0 Y15.6 F500
G01 X32.2 Y15.8 F500
G01 X32.0 Y16.0 F500
G01 X32.0 Y16.1 F500
G01 X31.8 Y16.3 F500
G01 X31.8 Y16.5 F500
G01 X31.9 Y16.5 F500
G01 X32.2 Y16.2 F500
G01 X32.2 Y16.1 F500
G01 X32.5 Y15.8 F500
G01 X32.5 Y15.7 F500
G01 X32.6 Y15.6 F500
G01 X32.8 Y15.6 F500
G01 X32.5 Y15.3 F500
G01 X32.4 Y15.3 F500
G01 X32.1 Y15.0 F500
G01 X32.0 Y15.0 F500
G01 X31.7 Y14.7 F500
G01 X31.6 Y14.7 F500
G01 X31.5 Y14.6 F500
G01 X31.4 Y14.6 F500
G01 X31.2 Y14.4 F500
G01 X31.1 Y14.4 F500
G01 X31.0 Y14.3 F500
G01 X30.9 Y14.3 F500
G01 X30.8 Y14.2 F500
G01 X30.7 Y14.2 F500
G01 X30.6 Y14.1 F500
G01 X30.6 Y14.2 F500
G01 X30.7 Y14.3 F500
G01 X30.7 Y14.5 F500
G01 X30.5 Y14.7 F500
G01 X30.4 Y14.7 F500
G01 X30.3 Y14.8 F500
G01 X30.2 Y14.8 F500
G01 X30.1 Y14.9 F500
G01 X30.0 Y14.9 F500
G01 X29.8 Y14.7 F500
G01 X29.8 Y14.6 F500
G01 X29.9 Y14.5 F500
G01 X30.0 Y14.6 F500
G01 X30.1 Y14.5 F500
G01 X30.2 Y14.5 F500
G01 X30.3 Y14.4 F500
G01 X30.3 Y14.0 F500
G01 X30.2 Y13.9 F500
G01 X30.1 Y13.9 F500
G01 X30.0 Y13.8 F500
G01 X29.9 Y13.8 F500
G01 X29.7 Y14.0 F500
G01 X29.7 Y14.1 F500
G01 X29.6 Y14.2 F500
G01 X29.5 Y14.2 F500
G01 X29.3 Y14.0 F500
G01 X29.3 Y13.9 F500
G01 X29.5 Y13.7 F500
G01 X29.7 Y13.7 F500
G01 X29.6 Y13.6 F500
G01 X29.5 Y13.6 F500
G01 X29.4 Y13.5 F500
G01 X29.2 Y13.5 F500
G01 X29.1 Y13.4 F500
G01 X28.9 Y13.4 F500
G01 X28.8 Y13.3 F500
G01 X28.7 Y13.3 F500
G01 X28.6 Y13.2 F500
G01 X28.3 Y13.2 F500
G01 X28.2 Y13.1 F500
G01 X27.9 Y13.1 F500
G01 X27.8 Y13.0 F500
G01 X27.5 Y13.0 F500
G01 X27.4 Y12.9 F500
G00 Z5 ; Tool Up
G00 X22.0 Y12.4
G01 Z-1 F200 ; Tool Down
G01 X22.0 Y12.4 F500
G01 X22.1 Y12.4 F500
G01 X22.2 Y12.5 F500
G01 X22.4 Y12.5 F500
G01 X22.5 Y12.6 F500
G01 X22.6 Y12.6 F500
G01 X22.7 Y12.7 F500
G01 X22.5 Y12.9 F500
G01 X22.2 Y12.9 F500
G01 X22.1 Y13.0 F500
G01 X22.0 Y13.0 F500
G01 X21.8 Y12.8 F500
G01 X21.8 Y12.6 F500
G00 Z5 ; Tool Up
G00 X25.1 Y12.3
G01 Z-1 F200 ; Tool Down
G01 X25.1 Y12.3 F500
G01 X25.2 Y12.2 F500
G01 X25.3 Y12.2 F500
G01 X25.5 Y12.4 F500
G01 X25.5 Y12.5 F500
G01 X25.6 Y12.6 F500
G01 X25.5 Y12.7 F500
G01 X25.3 Y12.7 F500
G01 X25.1 Y12.5 F500
G00 Z5 ; Tool Up
G00 X25.1 Y12.1
G01 Z-1 F200 ; Tool Down
G01 X25.1 Y12.1 F500
G01 X24.9 Y12.3 F500
G01 X24.9 Y12.6 F500
G01 X24.8 Y12.7 F500
G01 X23.4 Y12.7 F500
G01 X23.3 Y12.8 F500
G01 X23.2 Y12.8 F500
G01 X23.1 Y12.7 F500
G01 X23.0 Y12.7 F500
G01 X22.9 Y12.6 F500
G01 X22.8 Y12.6 F500
G01 X22.6 Y12.4 F500
G01 X21.8 Y12.4 F500
G01 X21.7 Y12.5 F500
G01 X21.7 Y13.0 F500
G01 X21.6 Y13.1 F500
G01 X21.2 Y13.1 F500
G01 X20.9 Y12.8 F500
G01 X20.8 Y12.8 F500
G01 X20.7 Y12.7 F500
G01 X20.5 Y12.7 F500
G01 X20.5 Y12.8 F500
G01 X20.6 Y12.8 F500
G01 X20.8 Y13.0 F500
G01 X20.9 Y13.0 F500
G01 X21.0 Y13.1 F500
G01 X21.0 Y13.2 F500
G01 X20.9 Y13.3 F500
G01 X20.7 Y13.3 F500
G01 X20.6 Y13.4 F500
G01 X20.5 Y13.4 F500
G01 X20.4 Y13.5 F500
G01 X20.2 Y13.5 F500
G01 X20.1 Y13.6 F500
G01 X20.0 Y13.6 F500
G01 X19.9 Y13.7 F500
G01 X19.7 Y13.7 F500
G01 X19.6 Y13.8 F500
G01 X19.5 Y13.8 F500
G01 X19.4 Y13.9 F500
G01 X19.3 Y13.9 F500
G01 X19.2 Y14.0 F500
G01 X19.1 Y14.0 F500
G01 X18.9 Y13.8 F500
G01 X18.8 Y13.8 F500
G01 X18.6 Y13.6 F500
G01 X18.5 Y13.6 F500
G01 X18.4 Y13.7 F500
G01 X18.5 Y13.8 F500
G01 X18.4 Y13.9 F500
G01 X18.3 Y13.9 F500
G01 X18.3 Y14.0 F500
G01 X18.4 Y14.1 F500
G01 X18.6 Y14.1 F500
G01 X18.7 Y14.2 F500
G01 X18.5 Y14.4 F500
G01 X18.4 Y14.4 F500
G01 X18.2 Y14.6 F500
G01 X18.1 Y14.6 F500
G01 X18.0 Y14.7 F500
G01 X17.9 Y14.7 F500
G01 X17.7 Y14.9 F500
G01 X17.6 Y14.9 F500
G01 X17.6 Y15.0 F500
G01 X17.7 Y15.0 F500
G01 X17.8 Y14.9 F500
G01 X18.0 Y15.1 F500
G01 X18.0 Y15.2 F500
G01 X18.1 Y15.3 F500
G01 X18.1 Y15.4 F500
G01 X18.3 Y15.4 F500
G01 X18.5 Y15.6 F500
G01 X18.4 Y15.7 F500
G01 X18.4 Y15.9 F500
G01 X18.5 Y15.9 F500
G01 X18.6 Y15.8 F500
G01 X18.6 Y15.5 F500
G01 X18.7 Y15.4 F500
G01 X18.8 Y15.4 F500
G01 X19.0 Y15.6 F500
G01 X19.1 Y15.5 F500
G01 X19.1 Y15.4 F500
G01 X19.0 Y15.3 F500
G01 X19.0 Y15.2 F500
G01 X18.8 Y15.0 F500
G01 X18.8 Y14.9 F500
G01 X18.6 Y14.7 F500
G01 X18.6 Y14.6 F500
G01 X18.5 Y14.5 F500
G01 X18.7 Y14.3 F500
G01 X18.9 Y14.3 F500
G01 X19.0 Y14.4 F500
G01 X19.0 Y14.5 F500
G01 X19.1 Y14.6 F500
G01 X19.1 Y14.7 F500
G01 X19.2 Y14.8 F500
G01 X19.2 Y14.9 F500
G01 X19.4 Y15.1 F500
G01 X19.4 Y15.2 F500
G01 X19.5 Y15.3 F500
G01 X19.6 Y15.3 F500
G01 X19.6 Y15.1 F500
G01 X19.5 Y15.0 F500
G01 X19.5 Y14.9 F500
G01 X19.4 Y14.8 F500
G01 X19.4 Y14.7 F500
G01 X19.3 Y14.6 F500
G01 X19.3 Y14.5 F500
G01 X19.1 Y14.3 F500
G01 X19.1 Y14.2 F500
G01 X19.4 Y13.9 F500
G01 X19.5 Y13.9 F500
G01 X19.6 Y13.8 F500
G01 X19.8 Y13.8 F500
G01 X19.9 Y13.7 F500
G01 X20.0 Y13.8 F500
G01 X20.0 Y13.9 F500
G01 X19.9 Y14.0 F500
G01 X19.8 Y14.0 F500
G01 X19.6 Y14.2 F500
G01 X19.7 Y14.3 F500
G01 X19.7 Y14.4 F500
G01 X19.8 Y14.4 F500
G01 X19.9 Y14.5 F500
G01 X19.9 Y14.7 F500
G01 X20.0 Y14.8 F500
G01 X20.3 Y14.8 F500
G01 X20.4 Y14.7 F500
G01 X20.5 Y14.7 F500
G01 X20.7 Y14.5 F500
G01 X20.9 Y14.7 F500
G01 X21.0 Y14.6 F500
G01 X21.0 Y14.4 F500
G01 X20.9 Y14.3 F500
G01 X20.9 Y14.1 F500
G01 X20.8 Y14.0 F500
G01 X20.8 Y13.9 F500
G01 X20.7 Y13.8 F500
G01 X20.7 Y13.7 F500
G01 X20.6 Y13.6 F500
G01 X20.6 Y13.5 F500
G01 X20.7 Y13.4 F500
G01 X20.9 Y13.4 F500
G01 X21.0 Y13.3 F500
G01 X21.1 Y13.4 F500
G01 X21.1 Y13.6 F500
G01 X21.2 Y13.7 F500
G01 X21.2 Y13.9 F500
G01 X21.3 Y14.0 F500
G01 X21.3 Y14.2 F500
G01 X21.4 Y14.3 F500
G01 X21.4 Y14.5 F500
G01 X21.5 Y14.5 F500
G01 X21.6 Y14.4 F500
G01 X21.5 Y14.3 F500
G01 X21.5 Y14.1 F500
G01 X21.4 Y14.0 F500
G01 X21.4 Y13.7 F500
G01 X21.3 Y13.6 F500
G01 X21.3 Y13.3 F500
G01 X21.4 Y13.2 F500
G01 X21.5 Y13.2 F500
G01 X21.6 Y13.1 F500
G01 X21.7 Y13.1 F500
G01 X21.8 Y13.2 F500
G01 X21.8 Y13.3 F500
G01 X21.9 Y13.4 F500
G01 X21.9 Y13.8 F500
G01 X22.0 Y13.9 F500
G01 X22.0 Y14.2 F500
G01 X22.1 Y14.3 F500
G01 X22.2 Y14.3 F500
G01 X22.2 Y13.9 F500
G01 X22.1 Y13.8 F500
G01 X22.1 Y13.5 F500
G01 X22.0 Y13.4 F500
G01 X22.0 Y13.1 F500
G01 X22.1 Y13.0 F500
G01 X22.4 Y13.0 F500
G01 X22.5 Y12.9 F500
G01 X22.7 Y13.1 F500
G01 X22.7 Y13.3 F500
G01 X22.6 Y13.4 F500
G01 X22.5 Y13.4 F500
G01 X22.5 Y13.5 F500
G01 X22.7 Y13.7 F500
G01 X22.9 Y13.7 F500
G01 X22.9 Y13.2 F500
G01 X22.8 Y13.1 F500
G01 X22.8 Y13.0 F500
G01 X22.9 Y12.9 F500
G01 X23.1 Y12.9 F500
G01 X23.2 Y13.0 F500
G01 X23.2 Y13.6 F500
G01 X23.3 Y13.7 F500
G01 X23.3 Y14.1 F500
G01 X23.4 Y14.1 F500
G01 X23.5 Y14.0 F500
G01 X23.5 Y13.8 F500
G01 X23.4 Y13.7 F500
G01 X23.4 Y13.0 F500
G01 X23.3 Y12.9 F500
G01 X23.4 Y12.8 F500
G01 X23.5 Y12.8 F500
G01 X23.6 Y12.7 F500
G01 X24.3 Y12.7 F500
G01 X24.4 Y12.8 F500
G01 X24.4 Y12.9 F500
G01 X24.3 Y13.0 F500
G01 X24.1 Y13.0 F500
G01 X23.9 Y13.2 F500
G01 X23.9 Y13.5 F500
G01 X24.1 Y13.7 F500
G01 X24.4 Y13.7 F500
G01 X24.5 Y13.8 F500
G01 X24.5 Y14.0 F500
G01 X24.6 Y14.0 F500
G01 X24.6 Y13.4 F500
G01 X24.7 Y13.3 F500
G01 X24.7 Y13.2 F500
G01 X24.8 Y13.1 F500
G01 X24.9 Y13.1 F500
G01 X25.0 Y13.2 F500
G01 X25.0 Y13.5 F500
G01 X24.8 Y13.7 F500
G01 X24.9 Y13.8 F500
G01 X25.0 Y13.8 F500
G01 X25.1 Y13.7 F500
G01 X25.1 Y13.6 F500
G01 X25.2 Y13.5 F500
G01 X25.2 Y13.2 F500
G01 X25.1 Y13.1 F500
G01 X25.0 Y13.1 F500
G01 X24.9 Y13.0 F500
G01 X24.7 Y13.0 F500
G01 X24.6 Y12.9 F500
G01 X24.6 Y12.8 F500
G01 X24.7 Y12.7 F500
G01 X25.5 Y12.7 F500
G01 X25.6 Y12.8 F500
G01 X25.6 Y14.0 F500
G01 X25.7 Y14.0 F500
G01 X25.7 Y13.7 F500
G01 X25.8 Y13.6 F500
G01 X25.8 Y12.9 F500
G01 X25.9 Y12.8 F500
G01 X26.0 Y12.8 F500
G01 X26.0 Y12.7 F500
G01 X25.9 Y12.7 F500
G01 X25.7 Y12.5 F500
G01 X25.7 Y12.4 F500
G01 X25.4 Y12.1 F500
G00 Z5 ; Tool Up
G00 X23.2 Y10.3
G01 Z-1 F200 ; Tool Down
G01 X23.2 Y10.3 F500
G01 X23.3 Y10.2 F500
G01 X23.9 Y10.2 F500
G01 X24.0 Y10.3 F500
G01 X24.0 Y10.6 F500
G01 X24.1 Y10.7 F500
G01 X24.1 Y11.4 F500
G01 X24.2 Y11.5 F500
G01 X25.2 Y11.5 F500
G01 X25.3 Y11.6 F500
G01 X25.5 Y11.6 F500
G01 X25.6 Y11.5 F500
G01 X25.6 Y11.2 F500
G01 X25.7 Y11.1 F500
G01 X25.7 Y10.3 F500
G01 X25.8 Y10.2 F500
G01 X26.4 Y10.2 F500
G01 X26.5 Y10.3 F500
G01 X27.0 Y10.3 F500
G01 X27.1 Y10.4 F500
G01 X27.1 Y11.3 F500
G01 X27.0 Y11.4 F500
G01 X27.0 Y11.6 F500
G01 X27.1 Y11.7 F500
G01 X27.2 Y11.7 F500
G01 X27.3 Y11.8 F500
G01 X27.9 Y11.8 F500
G01 X28.0 Y11.9 F500
G01 X28.4 Y11.9 F500
G01 X28.5 Y11.8 F500
G01 X28.5 Y11.6 F500
G01 X28.6 Y11.5 F500
G01 X28.6 Y11.2 F500
G01 X28.7 Y11.1 F500
G01 X28.7 Y10.9 F500
G01 X28.9 Y10.7 F500
G01 X29.0 Y10.8 F500
G01 X29.2 Y10.8 F500
G01 X29.3 Y10.9 F500
G01 X29.5 Y10.9 F500
G01 X29.6 Y11.0 F500
G01 X29.8 Y11.0 F500
G01 X29.9 Y11.1 F500
G01 X30.0 Y11.1 F500
G01 X30.1 Y11.2 F500
G01 X30.1 Y11.4 F500
G01 X30.0 Y11.5 F500
G01 X30.0 Y11.7 F500
G01 X29.9 Y11.8 F500
G01 X29.9 Y12.0 F500
G01 X29.8 Y12.1 F500
G01 X29.8 Y12.4 F500
G01 X29.9 Y12.5 F500
G01 X30.0 Y12.5 F500
G01 X30.1 Y12.6 F500
G01 X30.3 Y12.6 F500
G01 X30.4 Y12.7 F500
G01 X30.5 Y12.7 F500
G01 X30.6 Y12.8 F500
G01 X30.7 Y12.8 F500
G01 X30.8 Y12.9 F500
G01 X30.9 Y12.9 F500
G01 X31.0 Y13.0 F500
G01 X31.2 Y12.8 F500
G01 X31.2 Y12.7 F500
G01 X31.4 Y12.5 F500
G01 X31.4 Y12.4 F500
G01 X31.5 Y12.3 F500
G01 X31.5 Y12.2 F500
G01 X31.6 Y12.1 F500
G01 X31.6 Y12.0 F500
G01 X31.7 Y11.9 F500
G01 X31.8 Y11.9 F500
G01 X31.9 Y12.0 F500
G01 X32.0 Y12.0 F500
G01 X32.2 Y12.2 F500
G01 X32.3 Y12.2 F500
G01 X32.4 Y12.3 F500
G01 X32.5 Y12.3 F500
G01 X32.6 Y12.4 F500
G01 X32.7 Y12.4 F500
G01 X32.9 Y12.6 F500
G01 X32.8 Y12.7 F500
G01 X32.8 Y12.8 F500
G01 X32.7 Y12.9 F500
G01 X32.7 Y13.0 F500
G01 X32.5 Y13.2 F500
G01 X32.5 Y13.3 F500
G01 X32.3 Y13.5 F500
G01 X32.3 Y13.7 F500
G01 X32.5 Y13.9 F500
G01 X32.6 Y13.9 F500
G01 X32.9 Y14.2 F500
G01 X33.0 Y14.2 F500
G01 X33.3 Y14.5 F500
G01 X33.5 Y14.5 F500
G01 X33.9 Y14.1 F500
G01 X33.9 Y14.0 F500
G01 X34.3 Y13.6 F500
G01 X34.4 Y13.6 F500
G01 X35.3 Y14.5 F500
G01 X35.3 Y14.6 F500
G01 X34.7 Y15.2 F500
G01 X34.7 Y15.3 F500
G01 X34.5 Y15.5 F500
G01 X34.5 Y15.6 F500
G01 X35.4 Y16.5 F500
G01 X35.6 Y16.5 F500
G01 X35.9 Y16.2 F500
G01 X36.0 Y16.2 F500
G01 X36.3 Y15.9 F500
G01 X36.4 Y15.9 F500
G01 X36.5 Y15.8 F500
G01 X36.7 Y16.0 F500
G01 X36.7 Y16.1 F500
G01 X36.9 Y16.3 F500
G01 X36.9 Y16.4 F500
G01 X37.2 Y16.7 F500
G01 X37.2 Y16.8 F500
G01 X37.3 Y16.9 F500
G01 X36.9 Y17.3 F500
G01 X36.8 Y17.3 F500
G01 X36.6 Y17.5 F500
G01 X36.5 Y17.5 F500
G01 X36.3 Y17.7 F500
G01 X36.3 Y17.9 F500
G01 X36.4 Y18.0 F500
G01 X36.4 Y18.1 F500
G01 X36.6 Y18.3 F500
G01 X36.6 Y18.4 F500
G01 X36.8 Y18.6 F500
G01 X36.8 Y18.7 F500
G01 X36.9 Y18.8 F500
G01 X36.9 Y18.9 F500
G01 X37.2 Y18.9 F500
G01 X37.3 Y18.8 F500
G01 X37.4 Y18.8 F500
G01 X37.5 Y18.7 F500
G01 X37.6 Y18.7 F500
G01 X37.7 Y18.6 F500
G01 X37.8 Y18.6 F500
G01 X37.9 Y18.5 F500
G01 X38.2 Y18.5 F500
G01 X38.3 Y18.6 F500
G01 X38.3 Y18.7 F500
G01 X38.4 Y18.8 F500
G01 X38.4 Y19.0 F500
G01 X38.5 Y19.1 F500
G01 X38.5 Y19.2 F500
G01 X38.6 Y19.3 F500
G01 X38.6 Y19.4 F500
G01 X38.7 Y19.5 F500
G01 X38.7 Y19.6 F500
G01 X38.5 Y19.8 F500
G01 X38.4 Y19.8 F500
G01 X38.3 Y19.9 F500
G01 X38.2 Y19.9 F500
G01 X38.1 Y20.0 F500
G01 X38.0 Y20.0 F500
G01 X37.9 Y20.1 F500
G01 X37.8 Y20.1 F500
G01 X37.7 Y20.2 F500
G01 X37.6 Y20.2 F500
G01 X37.5 Y20.3 F500
G01 X37.6 Y20.4 F500
G01 X37.6 Y20.7 F500
G01 X37.7 Y20.8 F500
G01 X37.7 Y21.0 F500
G01 X37.8 Y21.1 F500
G01 X37.8 Y21.3 F500
G01 X37.9 Y21.4 F500
G01 X37.9 Y21.6 F500
G01 X38.3 Y21.6 F500
G01 X38.4 Y21.5 F500
G01 X38.7 Y21.5 F500
G01 X38.8 Y21.4 F500
G01 X39.2 Y21.4 F500
G01 X39.4 Y21.6 F500
G01 X39.4 Y22.0 F500
G01 X39.5 Y22.1 F500
G01 X39.5 Y22.7 F500
G01 X39.4 Y22.8 F500
G01 X39.0 Y22.8 F500
G01 X38.9 Y22.9 F500
G01 X38.6 Y22.9 F500
G01 X38.5 Y23.0 F500
G01 X38.3 Y23.0 F500
G01 X38.3 Y24.1 F500
G01 X38.4 Y24.2 F500
G01 X38.4 Y24.4 F500
G01 X38.5 Y24.5 F500
G01 X39.7 Y24.5 F500
G01 X39.8 Y24.6 F500
G01 X39.7 Y24.7 F500
G01 X39.8 Y24.8 F500
G01 X39.8 Y25.7 F500
G01 X39.6 Y25.9 F500
G01 X38.4 Y25.9 F500
G01 X38.4 Y26.0 F500
G01 X38.3 Y26.1 F500
G01 X38.3 Y27.3 F500
G01 X38.4 Y27.3 F500
G01 X38.5 Y27.4 F500
G01 X39.0 Y27.4 F500
G01 X39.1 Y27.5 F500
G01 X39.4 Y27.5 F500
G01 X39.5 Y27.6 F500
G01 X39.5 Y28.1 F500
G01 X39.4 Y28.2 F500
G01 X39.4 Y28.5 F500
G01 X39.3 Y28.6 F500
G01 X39.3 Y28.8 F500
G01 X39.2 Y28.9 F500
G01 X38.9 Y28.9 F500
G01 X38.8 Y28.8 F500
G01 X38.4 Y28.8 F500
G01 X38.3 Y28.7 F500
G01 X37.9 Y28.7 F500
G01 X37.9 Y28.9 F500
G01 X37.8 Y29.0 F500
G01 X37.8 Y29.2 F500
G01 X37.7 Y29.3 F500
G01 X37.7 Y29.5 F500
G01 X37.6 Y29.6 F500
G01 X37.6 Y29.8 F500
G01 X37.5 Y29.9 F500
G01 X37.5 Y30.1 F500
G01 X37.6 Y30.1 F500
G01 X37.7 Y30.2 F500
G01 X37.9 Y30.2 F500
G01 X38.0 Y30.3 F500
G01 X38.1 Y30.3 F500
G01 X38.2 Y30.4 F500
G01 X38.3 Y30.4 F500
G01 X38.4 Y30.5 F500
G01 X38.5 Y30.5 F500
G01 X38.7 Y30.7 F500
G01 X38.6 Y30.8 F500
G01 X38.6 Y30.9 F500
G01 X38.5 Y31.0 F500
G01 X38.5 Y31.1 F500
G01 X38.4 Y31.2 F500
G01 X38.4 Y31.3 F500
G01 X38.3 Y31.4 F500
G01 X38.3 Y31.6 F500
G01 X38.1 Y31.8 F500
G01 X37.9 Y31.8 F500
G01 X37.7 Y31.6 F500
G01 X37.5 Y31.6 F500
G01 X37.4 Y31.5 F500
G01 X37.3 Y31.5 F500
G01 X37.2 Y31.4 F500
G01 X37.1 Y31.4 F500
G01 X37.0 Y31.3 F500
G01 X36.9 Y31.3 F500
G01 X36.8 Y31.4 F500
G01 X36.8 Y31.5 F500
G01 X36.7 Y31.6 F500
G01 X36.7 Y31.7 F500
G01 X36.6 Y31.8 F500
G01 X36.6 Y31.9 F500
G01 X36.4 Y32.1 F500
G01 X36.4 Y32.2 F500
G01 X36.3 Y32.3 F500
G01 X36.3 Y32.4 F500
G01 X36.2 Y32.5 F500
G01 X36.2 Y32.6 F500
G01 X36.3 Y32.7 F500
G01 X36.4 Y32.7 F500
G01 X36.6 Y32.9 F500
G01 X36.7 Y32.9 F500
G01 X36.9 Y33.1 F500
G01 X37.0 Y33.1 F500
G01 X37.2 Y33.3 F500
G01 X37.2 Y33.5 F500
G01 X37.0 Y33.7 F500
G01 X37.0 Y33.8 F500
G01 X36.7 Y34.1 F500
G01 X36.7 Y34.2 F500
G01 X36.4 Y34.5 F500
G01 X36.3 Y34.4 F500
G01 X36.2 Y34.4 F500
G01 X35.9 Y34.1 F500
G01 X35.8 Y34.1 F500
G01 X35.6 Y33.9 F500
G01 X35.5 Y33.9 F500
G01 X35.4 Y33.8 F500
G01 X35.3 Y33.8 F500
G01 X34.4 Y34.7 F500
G01 X34.4 Y34.8 F500
G01 X34.8 Y35.2 F500
G01 X34.8 Y35.3 F500
G01 X34.9 Y35.4 F500
G01 X35.0 Y35.4 F500
G01 X35.1 Y35.5 F500
G01 X35.1 Y35.6 F500
G01 X35.2 Y35.7 F500
G01 X35.2 Y35.8 F500
G01 X34.3 Y36.7 F500
G01 X34.2 Y36.7 F500
G01 X33.9 Y36.4 F500
G01 X33.9 Y36.3 F500
G01 X33.4 Y35.8 F500
G01 X33.2 Y35.8 F500
G01 X32.9 Y36.1 F500
G01 X32.8 Y36.1 F500
G01 X32.5 Y36.4 F500
G01 X32.4 Y36.4 F500
G01 X32.2 Y36.6 F500
G01 X32.3 Y36.7 F500
G01 X32.3 Y36.8 F500
G01 X32.4 Y36.9 F500
G01 X32.4 Y37.0 F500
G01 X32.6 Y37.2 F500
G01 X32.6 Y37.3 F500
G01 X32.7 Y37.4 F500
G01 X32.7 Y37.5 F500
G01 X32.8 Y37.6 F500
G01 X32.8 Y37.7 F500
G01 X32.6 Y37.9 F500
G01 X32.5 Y37.9 F500
G01 X32.3 Y38.1 F500
G01 X32.2 Y38.1 F500
G01 X32.1 Y38.2 F500
G01 X32.0 Y38.2 F500
G01 X31.8 Y38.4 F500
G01 X31.6 Y38.4 F500
G01 X31.5 Y38.3 F500
G01 X31.5 Y38.2 F500
G01 X31.4 Y38.1 F500
G01 X31.4 Y38.0 F500
G01 X31.3 Y37.9 F500
G01 X31.3 Y37.8 F500
G01 X31.2 Y37.7 F500
G01 X31.2 Y37.6 F500
G01 X31.0 Y37.4 F500
G01 X31.0 Y37.3 F500
G01 X30.8 Y37.3 F500
G01 X30.7 Y37.4 F500
G01 X30.6 Y37.4 F500
G01 X30.5 Y37.5 F500
G01 X30.4 Y37.5 F500
G01 X30.3 Y37.6 F500
G01 X30.1 Y37.6 F500
G01 X30.0 Y37.7 F500
G01 X29.9 Y37.7 F500
G01 X29.8 Y37.8 F500
G01 X29.7 Y37.8 F500
G01 X29.6 Y37.9 F500
G01 X29.7 Y38.0 F500
G01 X29.7 Y38.2 F500
G01 X29.8 Y38.3 F500
G01 X29.8 Y38.5 F500
G01 X29.9 Y38.6 F500
G01 X29.9 Y38.7 F500
G01 X30.0 Y38.8 F500
G01 X30.0 Y39.1 F500
G01 X29.9 Y39.2 F500
G01 X29.7 Y39.2 F500
G01 X29.6 Y39.3 F500
G01 X29.4 Y39.3 F500
G01 X29.3 Y39.4 F500
G01 X29.2 Y39.4 F500
G01 X29.1 Y39.5 F500
G01 X28.9 Y39.5 F500
G01 X28.8 Y39.6 F500
G01 X28.6 Y39.4 F500
G01 X28.6 Y39.2 F500
G01 X28.5 Y39.1 F500
G01 X28.5 Y38.8 F500
G01 X28.4 Y38.7 F500
G01 X28.4 Y38.5 F500
G01 X28.3 Y38.4 F500
G01 X28.3 Y38.3 F500
G01 X28.2 Y38.3 F500
G01 X28.1 Y38.4 F500
G01 X27.7 Y38.4 F500
G01 X27.6 Y38.5 F500
G01 X27.3 Y38.5 F500
G01 X27.2 Y38.6 F500
G01 X27.0 Y38.6 F500
G01 X26.9 Y38.7 F500
G01 X26.9 Y39.0 F500
G01 X27.0 Y39.1 F500
G01 X27.0 Y39.7 F500
G01 X27.1 Y39.8 F500
G01 X27.0 Y39.9 F500
G01 X26.9 Y39.9 F500
G01 X26.8 Y40.0 F500
G01 X25.7 Y40.0 F500
G01 X25.6 Y39.9 F500
G01 X25.6 Y39.1 F500
G01 X25.5 Y39.0 F500
G01 X25.5 Y38.7 F500
G01 X24.1 Y38.7 F500
G01 X24.0 Y38.8 F500
G01 X24.0 Y39.9 F500
G01 X23.9 Y40.0 F500
G01 X23.1 Y40.0 F500
G01 X23.0 Y39.9 F500
G01 X22.6 Y39.9 F500
G01 X22.5 Y39.8 F500
G01 X22.6 Y39.7 F500
G01 X22.6 Y39.0 F500
G01 X22.7 Y38.9 F500
G01 X22.7 Y38.6 F500
G01 X22.6 Y38.5 F500
G01 X22.2 Y38.5 F500
G01 X22.1 Y38.4 F500
G01 X21.7 Y38.4 F500
G01 X21.6 Y38.3 F500
G01 X21.2 Y38.3 F500
G01 X21.2 Y38.6 F500
G01 X21.1 Y38.7 F500
G01 X21.1 Y39.0 F500
G01 X21.0 Y39.1 F500
G01 X21.0 Y39.3 F500
G01 X20.9 Y39.4 F500
G01 X20.9 Y39.5 F500
G01 X20.8 Y39.6 F500
G01 X20.7 Y39.5 F500
G01 X20.5 Y39.5 F500
G01 X20.4 Y39.4 F500
G01 X20.3 Y39.4 F500
G01 X20.2 Y39.3 F500
G01 X20.0 Y39.3 F500
G01 X19.9 Y39.2 F500
G01 X19.7 Y39.2 F500
G01 X19.5 Y39.0 F500
G01 X19.6 Y38.9 F500
G01 X19.6 Y38.8 F500
G01 X19.7 Y38.7 F500
G01 X19.7 Y38.5 F500
G01 X19.8 Y38.4 F500
G01 X19.8 Y38.2 F500
G01 X19.9 Y38.1 F500
G01 X19.9 Y37.8 F500
G01 X19.8 Y37.8 F500
G01 X19.7 Y37.7 F500
G01 X19.6 Y37.7 F500
G01 X19.5 Y37.6 F500
G01 X19.4 Y37.6 F500
G01 X19.3 Y37.5 F500
G01 X19.1 Y37.5 F500
G01 X19.0 Y37.4 F500
G01 X18.9 Y37.4 F500
G01 X18.8 Y37.3 F500
G01 X18.6 Y37.3 F500
G01 X18.6 Y37.4 F500
G01 X18.4 Y37.6 F500
G01 X18.4 Y37.7 F500
G01 X18.3 Y37.8 F500
G01 X18.3 Y37.9 F500
G01 X18.2 Y38.0 F500
G01 X18.2 Y38.1 F500
G01 X17.9 Y38.4 F500
G01 X17.8 Y38.3 F500
G01 X17.7 Y38.3 F500
G01 X17.6 Y38.2 F500
G01 X17.5 Y38.2 F500
G01 X17.3 Y38.0 F500
G01 X17.2 Y38.0 F500
G01 X17.1 Y37.9 F500
G01 X17.0 Y37.9 F500
G01 X16.8 Y37.7 F500
G01 X16.8 Y37.5 F500
G01 X17.0 Y37.3 F500
G01 X17.0 Y37.2 F500
G01 X17.2 Y37.0 F500
G01 X17.2 Y36.9 F500
G01 X17.4 Y36.7 F500
G01 X17.4 Y36.5 F500
G01 X17.3 Y36.4 F500
G01 X17.2 Y36.4 F500
G01 X17.0 Y36.2 F500
G01 X16.9 Y36.2 F500
G01 X16.6 Y35.9 F500
G01 X16.5 Y35.9 F500
G01 X16.3 Y35.7 F500
G01 X15.6 Y36.4 F500
G01 X15.6 Y36.5 F500
G01 X15.4 Y36.7 F500
G01 X15.3 Y36.7 F500
G01 X14.5 Y35.9 F500
G01 X14.4 Y35.9 F500
G01 X14.3 Y35.8 F500
G01 X14.5 Y35.6 F500
G01 X14.5 Y35.5 F500
G01 X15.2 Y34.8 F500
G01 X15.2 Y34.7 F500
G01 X14.6 Y34.1 F500
G01 X14.6 Y34.0 F500
G01 X14.5 Y33.9 F500
G01 X14.4 Y33.9 F500
G01 X14.3 Y33.8 F500
G01 X14.1 Y33.8 F500
G01 X13.9 Y34.0 F500
G01 X13.8 Y34.0 F500
G01 X13.5 Y34.3 F500
G01 X13.4 Y34.3 F500
G01 X13.2 Y34.5 F500
G01 X12.9 Y34.2 F500
G01 X12.9 Y34.1 F500
G01 X12.7 Y33.9 F500
G01 X12.7 Y33.8 F500
G01 X12.5 Y33.6 F500
G01 X12.5 Y33.5 F500
G01 X12.4 Y33.4 F500
G01 X12.4 Y33.3 F500
G01 X12.6 Y33.1 F500
G01 X12.7 Y33.1 F500
G01 X12.9 Y32.9 F500
G01 X13.0 Y32.9 F500
G01 X13.3 Y32.6 F500
G01 X13.4 Y32.6 F500
G01 X13.4 Y32.4 F500
G01 X13.2 Y32.2 F500
G01 X13.2 Y32.1 F500
G01 X13.1 Y32.0 F500
G01 X13.1 Y31.9 F500
G01 X13.0 Y31.8 F500
G01 X13.0 Y31.7 F500
G01 X12.8 Y31.5 F500
G01 X12.8 Y31.4 F500
G01 X12.7 Y31.3 F500
G01 X12.6 Y31.4 F500
G01 X12.5 Y31.4 F500
G01 X12.4 Y31.5 F500
G01 X12.2 Y31.5 F500
G01 X12.1 Y31.6 F500
G01 X12.0 Y31.6 F500
G01 X11.9 Y31.7 F500
G01 X11.8 Y31.7 F500
G01 X11.7 Y31.8 F500
G01 X11.5 Y31.8 F500
G01 X11.4 Y31.7 F500
G01 X11.4 Y31.6 F500
G01 X11.3 Y31.5 F500
G01 X11.3 Y31.4 F500
G01 X11.2 Y31.3 F500
G01 X11.2 Y31.2 F500
G01 X11.1 Y31.1 F500
G01 X11.1 Y30.9 F500
G01 X11.0 Y30.8 F500
G01 X11.0 Y30.5 F500
G01 X11.1 Y30.4 F500
G01 X11.3 Y30.4 F500
G01 X11.4 Y30.3 F500
G01 X11.5 Y30.3 F500
G01 X11.6 Y30.2 F500
G01 X11.8 Y30.2 F500
G01 X11.9 Y30.1 F500
G01 X12.1 Y30.1 F500
G01 X12.1 Y29.7 F500
G01 X12.0 Y29.6 F500
G01 X12.0 Y29.4 F500
G01 X11.9 Y29.3 F500
G01 X11.9 Y29.1 F500
G01 X11.8 Y29.0 F500
G01 X11.8 Y28.7 F500
G01 X11.4 Y28.7 F500
G01 X11.3 Y28.8 F500
G01 X10.9 Y28.8 F500
G01 X10.8 Y28.9 F500
G01 X10.5 Y28.9 F500
G01 X10.4 Y28.8 F500
G01 X10.4 Y28.7 F500
G01 X10.3 Y28.6 F500
G01 X10.3 Y28.2 F500
G01 X10.2 Y28.1 F500
G01 X10.2 Y27.6 F500
G01 X10.3 Y27.5 F500
G01 X10.5 Y27.5 F500
G01 X10.6 Y27.4 F500
G01 X11.1 Y27.4 F500
G01 X11.2 Y27.3 F500
G01 X11.4 Y27.3 F500
G01 X11.4 Y26.2 F500
G01 X11.3 Y26.1 F500
G01 X11.3 Y25.8 F500
G01 X10.0 Y25.8 F500
G01 X9.9 Y25.7 F500
G01 X9.9 Y24.5 F500
G01 X10.0 Y24.4 F500
G01 X10.7 Y24.4 F500
G01 X10.8 Y24.5 F500
G01 X11.3 Y24.5 F500
G01 X11.4 Y24.4 F500
G01 X11.4 Y23.1 F500
G01 X11.3 Y23.0 F500
G01 X11.0 Y23.0 F500
G01 X10.9 Y22.9 F500
G01 X10.6 Y22.9 F500
G01 X10.5 Y22.8 F500
G01 X10.3 Y22.8 F500
G01 X10.2 Y22.7 F500
G01 X10.2 Y22.2 F500
G01 X10.3 Y22.1 F500
G01 X10.3 Y21.7 F500
G01 X10.4 Y21.6 F500
G01 X10.4 Y21.5 F500
G01 X10.5 Y21.4 F500
G01 X11.0 Y21.4 F500
G01 X11.1 Y21.5 F500
G01 X11.3 Y21.5 F500
G01 X11.4 Y21.6 F500
G01 X11.8 Y21.6 F500
G01 X11.8 Y21.3 F500
G01 X11.9 Y21.2 F500
G01 X11.9 Y21.0 F500
G01 X12.0 Y20.9 F500
G01 X12.0 Y20.8 F500
G01 X12.1 Y20.7 F500
G01 X12.1 Y20.5 F500
G01 X12.2 Y20.4 F500
G01 X12.2 Y20.3 F500
G01 X12.1 Y20.2 F500
G01 X12.0 Y20.2 F500
G01 X11.9 Y20.1 F500
G01 X11.8 Y20.1 F500
G01 X11.7 Y20.0 F500
G01 X11.5 Y20.0 F500
G01 X11.4 Y19.9 F500
G01 X11.2 Y19.9 F500
G01 X11.0 Y19.7 F500
G01 X11.0 Y19.5 F500
G01 X11.1 Y19.4 F500
G01 X11.1 Y19.3 F500
G01 X11.2 Y19.2 F500
G01 X11.2 Y19.1 F500
G01 X11.3 Y19.0 F500
G01 X11.3 Y18.9 F500
G01 X11.4 Y18.8 F500
G01 X11.4 Y18.6 F500
G01 X11.5 Y18.5 F500
G01 X11.7 Y18.5 F500
G01 X11.8 Y18.6 F500
G01 X12.0 Y18.6 F500
G01 X12.1 Y18.7 F500
G01 X12.2 Y18.7 F500
G01 X12.3 Y18.8 F500
G01 X12.4 Y18.8 F500
G01 X12.5 Y18.9 F500
G01 X12.6 Y18.9 F500
G01 X12.7 Y19.0 F500
G01 X12.8 Y19.0 F500
G01 X12.9 Y18.9 F500
G01 X12.9 Y18.8 F500
G01 X13.0 Y18.7 F500
G01 X13.0 Y18.6 F500
G01 X13.1 Y18.5 F500
G01 X13.1 Y18.4 F500
G01 X13.2 Y18.3 F500
G01 X13.2 Y18.2 F500
G01 X13.3 Y18.1 F500
G01 X13.3 Y18.0 F500
G01 X13.4 Y17.9 F500
G01 X13.4 Y17.7 F500
G01 X13.2 Y17.5 F500
G01 X13.1 Y17.5 F500
G01 X12.8 Y17.2 F500
G01 X12.7 Y17.2 F500
G01 X12.4 Y16.9 F500
G01 X12.6 Y16.7 F500
G01 X12.6 Y16.6 F500
G01 X13.0 Y16.2 F500
G01 X13.0 Y16.1 F500
G01 X13.3 Y15.8 F500
G01 X13.7 Y16.2 F500
G01 X13.8 Y16.2 F500
G01 X14.2 Y16.6 F500
G01 X14.4 Y16.6 F500
G01 X14.5 Y16.5 F500
G01 X14.5 Y16.4 F500
G01 X15.0 Y15.9 F500
G01 X15.0 Y15.8 F500
G01 X15.3 Y15.5 F500
G01 X14.4 Y14.6 F500
G01 X14.4 Y14.5 F500
G01 X14.7 Y14.2 F500
G01 X14.8 Y14.2 F500
G01 X15.2 Y13.8 F500
G01 X15.3 Y13.8 F500
G01 X15.4 Y13.7 F500
G01 X15.5 Y13.7 F500
G01 X15.9 Y14.1 F500
G01 X15.9 Y14.2 F500
G01 X16.3 Y14.6 F500
G01 X16.4 Y14.6 F500
G01 X16.8 Y14.2 F500
G01 X16.9 Y14.2 F500
G01 X17.2 Y13.9 F500
G01 X17.3 Y13.9 F500
G01 X17.4 Y13.8 F500
G01 X17.4 Y13.5 F500
G01 X17.2 Y13.3 F500
G01 X17.2 Y13.2 F500
G01 X17.0 Y13.0 F500
G01 X17.0 Y12.9 F500
G01 X16.9 Y12.8 F500
G01 X16.9 Y12.7 F500
G01 X16.8 Y12.6 F500
G01 X16.9 Y12.5 F500
G01 X17.0 Y12.5 F500
G01 X17.2 Y12.3 F500
G01 X17.3 Y12.3 F500
G01 X17.4 Y12.2 F500
G01 X17.5 Y12.2 F500
G01 X17.6 Y12.1 F500
G01 X17.7 Y12.1 F500
G01 X17.9 Y11.9 F500
G01 X18.0 Y11.9 F500
G01 X18.1 Y12.0 F500
G01 X18.1 Y12.1 F500
G01 X18.3 Y12.3 F500
G01 X18.3 Y12.4 F500
G01 X18.4 Y12.5 F500
G01 X18.4 Y12.6 F500
G01 X18.5 Y12.7 F500
G01 X18.5 Y12.8 F500
G01 X18.7 Y13.0 F500
G01 X18.9 Y13.0 F500
G01 X19.0 Y12.9 F500
G01 X19.1 Y12.9 F500
G01 X19.2 Y12.8 F500
G01 X19.3 Y12.8 F500
G01 X19.4 Y12.7 F500
G01 X19.5 Y12.7 F500
G01 X19.6 Y12.6 F500
G01 X19.8 Y12.6 F500
G01 X19.9 Y12.5 F500
G01 X20.0 Y12.5 F500
G01 X20.0 Y12.2 F500
G01 X19.9 Y12.1 F500
G01 X19.9 Y12.0 F500
G01 X19.8 Y11.9 F500
G01 X19.8 Y11.6 F500
G01 X19.7 Y11.5 F500
G01 X19.7 Y11.4 F500
G01 X19.6 Y11.3 F500
G01 X19.8 Y11.1 F500
G01 X19.9 Y11.1 F500
G01 X20.0 Y11.0 F500
G01 X20.3 Y11.0 F500
G01 X20.4 Y10.9 F500
G01 X20.6 Y10.9 F500
G01 X20.7 Y10.8 F500
G01 X20.9 Y10.8 F500
G01 X21.0 Y10.9 F500
G01 X21.0 Y11.0 F500
G01 X21.1 Y11.1 F500
G01 X21.1 Y11.3 F500
G01 X21.2 Y11.4 F500
G01 X21.2 Y11.7 F500
G01 X21.3 Y11.8 F500
G01 X21.3 Y11.9 F500
G01 X21.4 Y12.0 F500
G01 X21.6 Y12.0 F500
G01 X21.7 Y11.9 F500
G01 X22.0 Y11.9 F500
G01 X22.1 Y11.8 F500
G01 X22.5 Y11.8 F500
G01 X22.6 Y11.7 F500
G01 X22.7 Y11.7 F500
G01 X22.8 Y11.6 F500
G01 X22.7 Y11.5 F500
G01 X22.7 Y10.7 F500
G01 X22.6 Y10.6 F500
G01 X22.6 Y10.4 F500
G01 X22.7 Y10.3 F500
G00 Z5 ; Tool Up
G00 X23.5 Y10.0
G01 Z-1 F200 ; Tool Down
G01 X23.5 Y10.0 F500
G01 X23.4 Y10.1 F500
G01 X22.5 Y10.1 F500
G01 X22.4 Y10.2 F500
G01 X22.4 Y10.4 F500
G01 X22.5 Y10.5 F500
G01 X22.5 Y11.3 F500
G01 X22.6 Y11.4 F500
G01 X22.4 Y11.6 F500
G01 X22.1 Y11.6 F500
G01 X22.0 Y11.7 F500
G01 X21.7 Y11.7 F500
G01 X21.6 Y11.8 F500
G01 X21.4 Y11.6 F500
G01 X21.4 Y11.4 F500
G01 X21.3 Y11.3 F500
G01 X21.3 Y11.1 F500
G01 X21.2 Y11.0 F500
G01 X21.2 Y10.8 F500
G01 X21.1 Y10.7 F500
G01 X21.1 Y10.6 F500
G01 X21.0 Y10.5 F500
G01 X20.9 Y10.5 F500
G01 X20.8 Y10.6 F500
G01 X20.7 Y10.6 F500
G01 X20.6 Y10.7 F500
G01 X20.3 Y10.7 F500
G01 X20.2 Y10.8 F500
G01 X20.0 Y10.8 F500
G01 X19.9 Y10.9 F500
G01 X19.8 Y10.9 F500
G01 X19.7 Y11.0 F500
G01 X19.5 Y11.0 F500
G01 X19.4 Y11.1 F500
G01 X19.4 Y11.3 F500
G01 X19.5 Y11.4 F500
G01 X19.5 Y11.6 F500
G01 X19.6 Y11.7 F500
G01 X19.6 Y11.9 F500
G01 X19.7 Y12.0 F500
G01 X19.7 Y12.1 F500
G01 X19.8 Y12.2 F500
G01 X19.8 Y12.3 F500
G01 X19.7 Y12.4 F500
G01 X19.6 Y12.4 F500
G01 X19.5 Y12.5 F500
G01 X19.4 Y12.5 F500
G01 X19.3 Y12.6 F500
G01 X19.2 Y12.6 F500
G01 X19.1 Y12.7 F500
G01 X19.0 Y12.7 F500
G01 X18.9 Y12.8 F500
G01 X18.8 Y12.8 F500
G01 X18.7 Y12.7 F500
G01 X18.7 Y12.6 F500
G01 X18.6 Y12.5 F500
G01 X18.6 Y12.4 F500
G01 X18.4 Y12.2 F500
G01 X18.4 Y12.1 F500
G01 X18.3 Y12.0 F500
G01 X18.3 Y11.9 F500
G01 X18.2 Y11.8 F500
G01 X18.2 Y11.7 F500
G01 X18.1 Y11.6 F500
G01 X18.0 Y11.6 F500
G01 X17.8 Y11.8 F500
G01 X17.7 Y11.8 F500
G01 X17.6 Y11.9 F500
G01 X17.5 Y11.9 F500
G01 X17.4 Y12.0 F500
G01 X17.3 Y12.0 F500
G01 X17.1 Y12.2 F500
G01 X17.0 Y12.2 F500
G01 X16.9 Y12.3 F500
G01 X16.8 Y12.3 F500
G01 X16.7 Y12.4 F500
G01 X16.6 Y12.4 F500
G01 X16.6 Y12.7 F500
G01 X16.8 Y12.9 F500
G01 X16.8 Y13.0 F500
G01 X16.9 Y13.1 F500
G01 X16.9 Y13.2 F500
G01 X17.1 Y13.4 F500
G01 X17.1 Y13.5 F500
G01 X17.2 Y13.6 F500
G01 X17.2 Y13.7 F500
G01 X17.0 Y13.9 F500
G01 X16.9 Y13.9 F500
G01 X16.6 Y14.2 F500
G01 X16.5 Y14.2 F500
G01 X16.4 Y14.3 F500
G01 X16.3 Y14.3 F500
G01 X16.1 Y14.1 F500
G01 X16.1 Y14.0 F500
G01 X15.5 Y13.4 F500
G01 X15.4 Y13.4 F500
G01 X15.3 Y13.5 F500
G01 X15.2 Y13.5 F500
G01 X14.5 Y14.2 F500
G01 X14.4 Y14.2 F500
G01 X14.1 Y14.5 F500
G01 X14.1 Y14.6 F500
G01 X15.0 Y15.5 F500
G01 X14.9 Y15.6 F500
G01 X14.9 Y15.7 F500
G01 X14.3 Y16.3 F500
G01 X14.2 Y16.3 F500
G01 X14.0 Y16.1 F500
G01 X13.9 Y16.1 F500
G01 X13.4 Y15.6 F500
G01 X13.1 Y15.6 F500
G01 X13.1 Y15.7 F500
G01 X12.8 Y16.0 F500
G01 X12.8 Y16.1 F500
G01 X12.5 Y16.4 F500
G01 X12.5 Y16.5 F500
G01 X12.2 Y16.8 F500
G01 X12.2 Y16.9 F500
G01 X12.1 Y17.0 F500
G01 X12.2 Y17.1 F500
G01 X12.3 Y17.1 F500
G01 X12.6 Y17.4 F500
G01 X12.7 Y17.4 F500
G01 X12.9 Y17.6 F500
G01 X13.0 Y17.6 F500
G01 X13.2 Y17.8 F500
G01 X13.2 Y17.9 F500
G01 X13.1 Y18.0 F500
G01 X13.1 Y18.1 F500
G01 X12.9 Y18.3 F500
G01 X12.9 Y18.4 F500
G01 X12.8 Y18.5 F500
G01 X12.8 Y18.6 F500
G01 X12.7 Y18.7 F500
G01 X12.5 Y18.7 F500
G01 X12.4 Y18.6 F500
G01 X12.3 Y18.6 F500
G01 X12.2 Y18.5 F500
G01 X12.1 Y18.5 F500
G01 X12.0 Y18.4 F500
G01 X11.9 Y18.4 F500
G01 X11.8 Y18.3 F500
G01 X11.7 Y18.3 F500
G01 X11.6 Y18.2 F500
G01 X11.4 Y18.2 F500
G01 X11.4 Y18.3 F500
G01 X11.3 Y18.4 F500
G01 X11.3 Y18.5 F500
G01 X11.2 Y18.6 F500
G01 X11.2 Y18.7 F500
G01 X11.1 Y18.8 F500
G01 X11.1 Y19.0 F500
G01 X10.9 Y19.2 F500
G01 X10.9 Y19.3 F500
G01 X10.8 Y19.4 F500
G01 X10.8 Y19.6 F500
G01 X10.7 Y19.7 F500
G01 X10.7 Y19.8 F500
G01 X10.8 Y19.9 F500
G01 X10.9 Y19.9 F500
G01 X11.0 Y20.0 F500
G01 X11.1 Y20.0 F500
G01 X11.2 Y20.1 F500
G01 X11.4 Y20.1 F500
G01 X11.5 Y20.2 F500
G01 X11.7 Y20.2 F500
G01 X11.9 Y20.4 F500
G01 X11.9 Y20.7 F500
G01 X11.8 Y20.8 F500
G01 X11.8 Y21.0 F500
G01 X11.7 Y21.1 F500
G01 X11.7 Y21.2 F500
G01 X11.5 Y21.4 F500
G01 X11.4 Y21.4 F500
G01 X11.3 Y21.3 F500
G01 X11.0 Y21.3 F500
G01 X10.9 Y21.2 F500
G01 X10.6 Y21.2 F500
G01 X10.5 Y21.1 F500
G01 X10.3 Y21.1 F500
G01 X10.3 Y21.2 F500
G01 X10.2 Y21.3 F500
G01 X10.2 Y21.6 F500
G01 X10.1 Y21.7 F500
G01 X10.1 Y22.1 F500
G01 X10.0 Y22.2 F500
G01 X10.0 Y22.7 F500
G01 X9.9 Y22.8 F500
G01 X10.0 Y22.9 F500
G01 X10.0 Y23.0 F500
G01 X10.5 Y23.0 F500
G01 X10.6 Y23.1 F500
G01 X11.0 Y23.1 F500
G01 X11.2 Y23.3 F500
G01 X11.2 Y24.2 F500
G01 X11.1 Y24.3 F500
G01 X10.4 Y24.3 F500
G01 X10.3 Y24.2 F500
G01 X9.8 Y24.2 F500
G01 X9.7 Y24.3 F500
G01 X9.7 Y25.9 F500
G01 X9.8 Y26.0 F500
G01 X11.0 Y26.0 F500
G01 X11.2 Y26.2 F500
G01 X11.2 Y27.1 F500
G01 X11.1 Y27.2 F500
G01 X10.6 Y27.2 F500
G01 X10.5 Y27.3 F500
G01 X10.2 Y27.3 F500
G01 X10.1 Y27.4 F500
G01 X10.0 Y27.4 F500
G01 X9.9 Y27.5 F500
G01 X10.0 Y27.6 F500
G01 X10.0 Y28.1 F500
G01 X10.1 Y28.2 F500
G01 X10.1 Y28.5 F500
G01 X10.2 Y28.6 F500
G01 X10.2 Y29.0 F500
G01 X10.4 Y29.2 F500
G01 X10.5 Y29.1 F500
G01 X10.8 Y29.1 F500
G01 X10.9 Y29.0 F500
G01 X11.3 Y29.0 F500
G01 X11.4 Y28.9 F500
G01 X11.5 Y28.9 F500
G01 X11.7 Y29.1 F500
G01 X11.7 Y29.3 F500
G01 X11.8 Y29.4 F500
G01 X11.8 Y29.6 F500
G01 X11.9 Y29.7 F500
G01 X11.9 Y29.9 F500
G01 X11.8 Y30.0 F500
G01 X11.6 Y30.0 F500
G01 X11.5 Y30.1 F500
G01 X11.4 Y30.1 F500
G01 X11.3 Y30.2 F500
G01 X11.1 Y30.2 F500
G01 X11.0 Y30.3 F500
G01 X10.9 Y30.3 F500
G01 X10.8 Y30.4 F500
G01 X10.7 Y30.4 F500
G01 X10.7 Y30.6 F500
G01 X10.8 Y30.7 F500
G01 X10.8 Y30.8 F500
G01 X10.9 Y30.9 F500
G01 X10.9 Y31.1 F500
G01 X11.0 Y31.2 F500
G01 X11.0 Y31.3 F500
G01 X11.1 Y31.4 F500
G01 X11.1 Y31.5 F500
G01 X11.2 Y31.6 F500
G01 X11.2 Y31.8 F500
G01 X11.3 Y31.9 F500
G01 X11.3 Y32.0 F500
G01 X11.4 Y32.1 F500
G01 X11.5 Y32.1 F500
G01 X11.6 Y32.0 F500
G01 X11.7 Y32.0 F500
G01 X11.8 Y31.9 F500
G01 X11.9 Y31.9 F500
G01 X12.0 Y31.8 F500
G01 X12.2 Y31.8 F500
G01 X12.3 Y31.7 F500
G01 X12.4 Y31.7 F500
G01 X12.5 Y31.6 F500
G01 X12.6 Y31.6 F500
G01 X12.8 Y31.8 F500
G01 X12.8 Y31.9 F500
G01 X12.9 Y32.0 F500
G01 X12.9 Y32.1 F500
G01 X13.1 Y32.3 F500
G01 X13.1 Y32.5 F500
G01 X12.9 Y32.7 F500
G01 X12.8 Y32.7 F500
G01 X12.5 Y33.0 F500
G01 X12.4 Y33.0 F500
G01 X12.2 Y33.2 F500
G01 X12.1 Y33.2 F500
G01 X12.1 Y33.4 F500
G01 X12.3 Y33.6 F500
G01 X12.3 Y33.7 F500
G01 X12.6 Y34.0 F500
G01 X12.6 Y34.1 F500
G01 X12.8 Y34.3 F500
G01 X12.8 Y34.4 F500
G01 X13.0 Y34.6 F500
G01 X13.0 Y34.7 F500
G01 X13.3 Y34.7 F500
G01 X13.6 Y34.4 F500
G01 X13.7 Y34.4 F500
G01 X13.9 Y34.2 F500
G01 X14.0 Y34.2 F500
G01 X14.2 Y34.0 F500
G01 X14.9 Y34.7 F500
G01 X14.9 Y34.8 F500
G01 X14.3 Y35.4 F500
G01 X14.3 Y35.5 F500
G01 X14.2 Y35.6 F500
G01 X14.1 Y35.6 F500
G01 X14.1 Y35.8 F500
G01 X14.4 Y36.1 F500
G01 X14.4 Y36.2 F500
G01 X14.5 Y36.2 F500
G01 X15.3 Y37.0 F500
G01 X15.4 Y37.0 F500
G01 X15.8 Y36.6 F500
G01 X15.8 Y36.5 F500
G01 X16.3 Y36.0 F500
G01 X16.4 Y36.1 F500
G01 X16.5 Y36.1 F500
G01 X16.7 Y36.3 F500
G01 X16.8 Y36.3 F500
G01 X17.1 Y36.6 F500
G01 X17.1 Y36.8 F500
G01 X16.8 Y37.1 F500
G01 X16.8 Y37.2 F500
G01 X16.7 Y37.3 F500
G01 X16.7 Y37.4 F500
G01 X16.5 Y37.6 F500
G01 X16.5 Y37.8 F500
G01 X16.6 Y37.8 F500
G01 X16.8 Y38.0 F500
G01 X16.9 Y38.0 F500
G01 X17.1 Y38.2 F500
G01 X17.2 Y38.2 F500
G01 X17.3 Y38.3 F500
G01 X17.4 Y38.3 F500
G01 X17.6 Y38.5 F500
G01 X17.7 Y38.5 F500
G01 X17.8 Y38.6 F500
G01 X17.9 Y38.6 F500
G01 X18.0 Y38.7 F500
G01 X18.2 Y38.5 F500
G01 X18.2 Y38.4 F500
G01 X18.3 Y38.3 F500
G01 X18.3 Y38.2 F500
G01 X18.5 Y38.0 F500
G01 X18.5 Y37.9 F500
G01 X18.6 Y37.8 F500
G01 X18.6 Y37.7 F500
G01 X18.8 Y37.5 F500
G01 X18.9 Y37.6 F500
G01 X19.0 Y37.6 F500
G01 X19.1 Y37.7 F500
G01 X19.2 Y37.7 F500
G01 X19.3 Y37.8 F500
G01 X19.5 Y37.8 F500
G01 X19.7 Y38.0 F500
G01 X19.7 Y38.1 F500
G01 X19.6 Y38.2 F500
G01 X19.6 Y38.4 F500
G01 X19.5 Y38.5 F500
G01 X19.5 Y38.7 F500
G01 X19.4 Y38.8 F500
G01 X19.4 Y38.9 F500
G01 X19.3 Y39.0 F500
G01 X19.3 Y39.2 F500
G01 X19.4 Y39.3 F500
G01 X19.6 Y39.3 F500
G01 X19.7 Y39.4 F500
G01 X19.9 Y39.4 F500
G01 X20.0 Y39.5 F500
G01 X20.2 Y39.5 F500
G01 X20.3 Y39.6 F500
G01 X20.4 Y39.6 F500
G01 X20.5 Y39.7 F500
G01 X20.7 Y39.7 F500
G01 X20.8 Y39.8 F500
G01 X21.0 Y39.8 F500
G01 X21.0 Y39.7 F500
G01 X21.1 Y39.6 F500
G01 X21.1 Y39.3 F500
G01 X21.2 Y39.2 F500
G01 X21.2 Y39.0 F500
G01 X21.3 Y38.9 F500
G01 X21.3 Y38.7 F500
G01 X21.5 Y38.5 F500
G01 X21.6 Y38.5 F500
G01 X21.7 Y38.6 F500
G01 X22.2 Y38.6 F500
G01 X22.3 Y38.7 F500
G01 X22.4 Y38.7 F500
G01 X22.5 Y38.8 F500
G01 X22.5 Y39.0 F500
G01 X22.4 Y39.1 F500
G01 X22.4 Y39.7 F500
G01 X22.3 Y39.8 F500
G01 X22.3 Y40.0 F500
G01 X22.4 Y40.1 F500
G01 X23.0 Y40.1 F500
G01 X23.1 Y40.2 F500
G01 X24.1 Y40.2 F500
G01 X24.2 Y40.1 F500
G01 X24.2 Y39.0 F500
G01 X24.3 Y38.9 F500
G01 X25.3 Y38.9 F500
G01 X25.4 Y39.0 F500
G01 X25.4 Y40.1 F500
G01 X25.5 Y40.2 F500
G01 X26.8 Y40.2 F500
G01 X26.9 Y40.1 F500
G01 X27.2 Y40.1 F500
G01 X27.3 Y40.0 F500
G01 X27.3 Y39.9 F500
G01 X27.2 Y39.8 F500
G01 X27.2 Y39.2 F500
G01 X27.1 Y39.1 F500
G01 X27.1 Y38.9 F500
G01 X27.3 Y38.7 F500
G01 X27.5 Y38.7 F500
G01 X27.6 Y38.6 F500
G01 X28.1 Y38.6 F500
G01 X28.3 Y38.8 F500
G01 X28.3 Y39.1 F500
G01 X28.4 Y39.2 F500
G01 X28.4 Y39.5 F500
G01 X28.5 Y39.6 F500
G01 X28.5 Y39.8 F500
G01 X28.8 Y39.8 F500
G01 X28.9 Y39.7 F500
G01 X29.1 Y39.7 F500
G01 X29.2 Y39.6 F500
G01 X29.3 Y39.6 F500
G01 X29.4 Y39.5 F500
G01 X29.6 Y39.5 F500
G01 X29.7 Y39.4 F500
G01 X29.9 Y39.4 F500
G01 X30.0 Y39.3 F500
G01 X30.2 Y39.3 F500
G01 X30.3 Y39.2 F500
G01 X30.2 Y39.1 F500
G01 X30.2 Y38.8 F500
G01 X30.1 Y38.7 F500
G01 X30.1 Y38.5 F500
G01 X30.0 Y38.4 F500
G01 X30.0 Y38.3 F500
G01 X29.9 Y38.2 F500
G01 X29.9 Y38.0 F500
G01 X30.0 Y37.9 F500
G01 X30.1 Y37.9 F500
G01 X30.2 Y37.8 F500
G01 X30.3 Y37.8 F500
G01 X30.4 Y37.7 F500
G01 X30.6 Y37.7 F500
G01 X30.8 Y37.5 F500
G01 X31.0 Y37.7 F500
G01 X31.0 Y37.8 F500
G01 X31.2 Y38.0 F500
G01 X31.2 Y38.2 F500
G01 X31.4 Y38.4 F500
G01 X31.4 Y38.5 F500
G01 X31.6 Y38.7 F500
G01 X31.7 Y38.6 F500
G01 X31.8 Y38.6 F500
G01 X31.9 Y38.5 F500
G01 X32.0 Y38.5 F500
G01 X32.1 Y38.4 F500
G01 X32.2 Y38.4 F500
G01 X32.4 Y38.2 F500
G01 X32.5 Y38.2 F500
G01 X32.6 Y38.1 F500
G01 X32.7 Y38.1 F500
G01 X32.9 Y37.9 F500
G01 X33.0 Y37.9 F500
G01 X33.1 Y37.8 F500
G01 X33.1 Y37.7 F500
G01 X33.0 Y37.6 F500
G01 X33.0 Y37.5 F500
G01 X32.9 Y37.4 F500
G01 X32.9 Y37.3 F500
G01 X32.6 Y37.0 F500
G01 X32.6 Y36.8 F500
G01 X32.5 Y36.7 F500
G01 X33.0 Y36.2 F500
G01 X33.1 Y36.2 F500
G01 X33.3 Y36.0 F500
G01 X33.8 Y36.5 F500
G01 X33.8 Y36.6 F500
G01 X34.2 Y37.0 F500
G01 X34.3 Y36.9 F500
G01 X34.4 Y36.9 F500
G01 X35.5 Y35.8 F500
G01 X35.5 Y35.7 F500
G01 X35.1 Y35.3 F500
G01 X35.1 Y35.2 F500
G01 X34.7 Y34.8 F500
G01 X34.7 Y34.7 F500
G01 X35.3 Y34.1 F500
G01 X35.5 Y34.1 F500
G01 X35.6 Y34.2 F500
G01 X35.7 Y34.2 F500
G01 X36.1 Y34.6 F500
G01 X36.2 Y34.6 F500
G01 X36.3 Y34.7 F500
G01 X36.5 Y34.7 F500
G01 X36.7 Y34.5 F500
G01 X36.7 Y34.4 F500
G01 X37.1 Y34.0 F500
G01 X37.1 Y33.9 F500
G01 X37.4 Y33.6 F500
G01 X37.4 Y33.5 F500
G01 X37.5 Y33.4 F500
G01 X37.5 Y33.3 F500
G01 X37.3 Y33.1 F500
G01 X37.2 Y33.1 F500
G01 X36.9 Y32.8 F500
G01 X36.8 Y32.8 F500
G01 X36.5 Y32.5 F500
G01 X36.5 Y32.4 F500
G01 X36.6 Y32.3 F500
G01 X36.6 Y32.2 F500
G01 X36.7 Y32.1 F500
G01 X36.7 Y32.0 F500
G01 X36.9 Y31.8 F500
G01 X36.9 Y31.7 F500
G01 X37.0 Y31.6 F500
G01 X37.1 Y31.6 F500
G01 X37.2 Y31.7 F500
G01 X37.3 Y31.7 F500
G01 X37.4 Y31.8 F500
G01 X37.6 Y31.8 F500
G01 X37.7 Y31.9 F500
G01 X37.8 Y31.9 F500
G01 X37.9 Y32.0 F500
G01 X38.0 Y32.0 F500
G01 X38.1 Y32.1 F500
G01 X38.2 Y32.1 F500
G01 X38.3 Y32.0 F500
G01 X38.3 Y31.9 F500
G01 X38.4 Y31.8 F500
G01 X38.4 Y31.7 F500
G01 X38.5 Y31.6 F500
G01 X38.5 Y31.5 F500
G01 X38.6 Y31.4 F500
G01 X38.6 Y31.2 F500
G01 X38.7 Y31.1 F500
G01 X38.7 Y31.0 F500
G01 X38.8 Y30.9 F500
G01 X38.8 Y30.8 F500
G01 X38.9 Y30.7 F500
G01 X38.9 Y30.4 F500
G01 X38.7 Y30.4 F500
G01 X38.6 Y30.3 F500
G01 X38.4 Y30.3 F500
G01 X38.3 Y30.2 F500
G01 X38.2 Y30.2 F500
G01 X38.1 Y30.1 F500
G01 X38.0 Y30.1 F500
G01 X37.8 Y29.9 F500
G01 X37.8 Y29.6 F500
G01 X37.9 Y29.5 F500
G01 X37.9 Y29.3 F500
G01 X38.0 Y29.2 F500
G01 X38.0 Y29.0 F500
G01 X38.1 Y28.9 F500
G01 X38.3 Y28.9 F500
G01 X38.4 Y29.0 F500
G01 X38.8 Y29.0 F500
G01 X38.9 Y29.1 F500
G01 X39.2 Y29.1 F500
G01 X39.3 Y29.2 F500
G01 X39.4 Y29.2 F500
G01 X39.4 Y29.0 F500
G01 X39.5 Y28.9 F500
G01 X39.5 Y28.6 F500
G01 X39.6 Y28.5 F500
G01 X39.6 Y28.2 F500
G01 X39.7 Y28.1 F500
G01 X39.7 Y27.8 F500
G01 X39.8 Y27.7 F500
G01 X39.8 Y27.4 F500
G01 X39.5 Y27.4 F500
G01 X39.4 Y27.3 F500
G01 X39.1 Y27.3 F500
G01 X39.0 Y27.2 F500
G01 X38.6 Y27.2 F500
G01 X38.5 Y27.1 F500
G01 X38.5 Y26.2 F500
G01 X38.6 Y26.1 F500
G01 X39.4 Y26.1 F500
G01 X39.5 Y26.0 F500
G01 X39.9 Y26.0 F500
G01 X39.9 Y24.3 F500
G01 X38.7 Y24.3 F500
G01 X38.5 Y24.1 F500
G01 X38.5 Y23.2 F500
G01 X38.6 Y23.1 F500
G01 X38.8 Y23.1 F500
G01 X38.9 Y23.0 F500
G01 X39.4 Y23.0 F500
G01 X39.5 Y22.9 F500
G01 X39.7 Y22.9 F500
G01 X39.8 Y22.8 F500
G01 X39.8 Y22.7 F500
G01 X39.7 Y22.6 F500
G01 X39.7 Y22.2 F500
G01 X39.6 Y22.1 F500
G01 X39.6 Y21.7 F500
G01 X39.5 Y21.6 F500
G01 X39.5 Y21.2 F500
G01 X39.4 Y21.1 F500
G01 X39.3 Y21.1 F500
G01 X39.2 Y21.2 F500
G01 X38.8 Y21.2 F500
G01 X38.7 Y21.3 F500
G01 X38.4 Y21.3 F500
G01 X38.3 Y21.4 F500
G01 X38.1 Y21.4 F500
G01 X38.0 Y21.3 F500
G01 X38.0 Y21.1 F500
G01 X37.9 Y21.0 F500
G01 X37.9 Y20.8 F500
G01 X37.8 Y20.7 F500
G01 X37.8 Y20.4 F500
G01 X38.0 Y20.2 F500
G01 X38.2 Y20.2 F500
G01 X38.3 Y20.1 F500
G01 X38.4 Y20.1 F500
G01 X38.5 Y20.0 F500
G01 X38.6 Y20.0 F500
G01 X38.7 Y19.9 F500
G01 X38.8 Y19.9 F500
G01 X38.9 Y19.8 F500
G01 X39.0 Y19.8 F500
G01 X39.0 Y19.7 F500
G01 X38.9 Y19.6 F500
G01 X38.9 Y19.5 F500
G01 X38.8 Y19.4 F500
G01 X38.8 Y19.3 F500
G01 X38.7 Y19.2 F500
G01 X38.7 Y19.0 F500
G01 X38.6 Y18.9 F500
G01 X38.6 Y18.8 F500
G01 X38.5 Y18.7 F500
G01 X38.5 Y18.5 F500
G01 X38.4 Y18.4 F500
G01 X38.4 Y18.3 F500
G01 X38.3 Y18.2 F500
G01 X38.1 Y18.2 F500
G01 X38.0 Y18.3 F500
G01 X37.9 Y18.3 F500
G01 X37.8 Y18.4 F500
G01 X37.7 Y18.4 F500
G01 X37.6 Y18.5 F500
G01 X37.5 Y18.5 F500
G01 X37.4 Y18.6 F500
G01 X37.3 Y18.6 F500
G01 X37.2 Y18.7 F500
G01 X37.1 Y18.7 F500
G01 X36.9 Y18.5 F500
G01 X36.9 Y18.4 F500
G01 X36.7 Y18.2 F500
G01 X36.7 Y18.1 F500
G01 X36.6 Y18.0 F500
G01 X36.6 Y17.8 F500
G01 X37.0 Y17.4 F500
G01 X37.1 Y17.4 F500
G01 X37.3 Y17.2 F500
G01 X37.4 Y17.2 F500
G01 X37.5 Y17.1 F500
G01 X37.5 Y16.8 F500
G01 X37.3 Y16.6 F500
G01 X37.3 Y16.5 F500
G01 X37.0 Y16.2 F500
G01 X37.0 Y16.1 F500
G01 X36.8 Y15.9 F500
G01 X36.8 Y15.8 F500
G01 X36.6 Y15.6 F500
G01 X36.4 Y15.6 F500
G01 X36.2 Y15.8 F500
G01 X36.1 Y15.8 F500
G01 X35.8 Y16.1 F500
G01 X35.7 Y16.1 F500
G01 X35.5 Y16.3 F500
G01 X34.8 Y15.6 F500
G01 X34.8 Y15.5 F500
G01 X34.9 Y15.4 F500
G01 X34.9 Y15.3 F500
G01 X35.6 Y14.6 F500
G01 X35.6 Y14.5 F500
G01 X34.4 Y13.3 F500
G01 X34.3 Y13.3 F500
G01 X33.7 Y13.9 F500
G01 X33.7 Y14.0 F500
G01 X33.4 Y14.3 F500
G01 X33.3 Y14.2 F500
G01 X33.2 Y14.2 F500
G01 X32.9 Y13.9 F500
G01 X32.8 Y13.9 F500
G01 X32.6 Y13.7 F500
G01 X32.6 Y13.4 F500
G01 X32.8 Y13.2 F500
G01 X32.8 Y13.1 F500
G01 X33.0 Y12.9 F500
G01 X33.0 Y12.8 F500
G01 X33.1 Y12.7 F500
G01 X33.1 Y12.4 F500
G01 X33.0 Y12.4 F500
G01 X32.9 Y12.3 F500
G01 X32.8 Y12.3 F500
G01 X32.6 Y12.1 F500
G01 X32.5 Y12.1 F500
G01 X32.4 Y12.0 F500
G01 X32.3 Y12.0 F500
G01 X32.2 Y11.9 F500
G01 X32.1 Y11.9 F500
G01 X31.9 Y11.7 F500
G01 X31.8 Y11.7 F500
G01 X31.7 Y11.6 F500
G01 X31.6 Y11.6 F500
G01 X31.6 Y11.7 F500
G01 X31.5 Y11.8 F500
G01 X31.5 Y11.9 F500
G01 X31.3 Y12.1 F500
G01 X31.3 Y12.2 F500
G01 X31.2 Y12.3 F500
G01 X31.2 Y12.4 F500
G01 X31.1 Y12.5 F500
G01 X31.1 Y12.6 F500
G01 X31.0 Y12.7 F500
G01 X30.8 Y12.7 F500
G01 X30.7 Y12.6 F500
G01 X30.6 Y12.6 F500
G01 X30.5 Y12.5 F500
G01 X30.4 Y12.5 F500
G01 X30.3 Y12.4 F500
G01 X30.1 Y12.4 F500
G01 X30.0 Y12.3 F500
G01 X30.0 Y12.1 F500
G01 X30.1 Y12.0 F500
G01 X30.1 Y11.9 F500
G01 X30.2 Y11.8 F500
G01 X30.2 Y11.5 F500
G01 X30.3 Y11.4 F500
G01 X30.3 Y11.2 F500
G01 X30.4 Y11.1 F500
G01 X30.3 Y11.0 F500
G01 X30.2 Y11.0 F500
G01 X30.1 Y10.9 F500
G01 X29.9 Y10.9 F500
G01 X29.8 Y10.8 F500
G01 X29.6 Y10.8 F500
G01 X29.5 Y10.7 F500
G01 X29.3 Y10.7 F500
G01 X29.2 Y10.6 F500
G01 X29.0 Y10.6 F500
G01 X28.9 Y10.5 F500
G01 X28.7 Y10.5 F500
G01 X28.7 Y10.6 F500
G01 X28.6 Y10.7 F500
G01 X28.6 Y10.8 F500
G01 X28.5 Y10.9 F500
G01 X28.5 Y11.1 F500
G01 X28.4 Y11.2 F500
G01 X28.4 Y11.4 F500
G01 X28.3 Y11.5 F500
G01 X28.3 Y11.6 F500
G01 X28.2 Y11.7 F500
G01 X27.9 Y11.7 F500
G01 X27.8 Y11.6 F500
G01 X27.4 Y11.6 F500
G01 X27.2 Y11.4 F500
G01 X27.2 Y11.3 F500
G01 X27.3 Y11.2 F500
G01 X27.3 Y10.4 F500
G01 X27.4 Y10.3 F500
G01 X27.3 Y10.2 F500
G01 X27.2 Y10.2 F500
G01 X27.1 Y10.1 F500
G01 X26.3 Y10.1 F500
G01 X26.2 Y10.0 F500
G01 X25.6 Y10.0 F500
G01 X25.6 Y10.2 F500
G01 X25.5 Y10.3 F500
G01 X25.5 Y11.2 F500
G01 X25.3 Y11.4 F500
G01 X24.5 Y11.4 F500
G01 X24.3 Y11.2 F500
G01 X24.3 Y10.9 F500
G01 X24.2 Y10.8 F500
G01 X24.2 Y10.0 F500
G00 Z5 ; Tool Up
G00 X0 Y0 ; Return to home
M30 ; End of program
